-- phpMyAdmin SQL Dump
-- version 5.1.1
-- https://www.phpmyadmin.net/
--
-- Host: 127.0.0.1
-- Waktu pembuatan: 03 Sep 2023 pada 14.21
-- Versi server: 10.4.21-MariaDB
-- Versi PHP: 7.3.31

SET SQL_MODE = "NO_AUTO_VALUE_ON_ZERO";
START TRANSACTION;
SET time_zone = "+00:00";


/*!40101 SET @OLD_CHARACTER_SET_CLIENT=@@CHARACTER_SET_CLIENT */;
/*!40101 SET @OLD_CHARACTER_SET_RESULTS=@@CHARACTER_SET_RESULTS */;
/*!40101 SET @OLD_COLLATION_CONNECTION=@@COLLATION_CONNECTION */;
/*!40101 SET NAMES utf8mb4 */;

--
-- Database: `mypos`
--

-- --------------------------------------------------------

--
-- Struktur dari tabel `config`
--

CREATE TABLE `config` (
  `id` int(50) NOT NULL,
  `app_name` varchar(150) NOT NULL,
  `app_logo` varchar(255) NOT NULL,
  `app_lokasi` int(11) NOT NULL
) ENGINE=InnoDB DEFAULT CHARSET=utf8mb4;

-- --------------------------------------------------------

--
-- Struktur dari tabel `customer`
--

CREATE TABLE `customer` (
  `customer_id` int(11) NOT NULL,
  `name` varchar(100) NOT NULL,
  `gender` enum('L','P') NOT NULL,
  `phone` varchar(15) NOT NULL,
  `address` text NOT NULL,
  `created` datetime NOT NULL DEFAULT current_timestamp(),
  `updated` datetime DEFAULT NULL
) ENGINE=InnoDB DEFAULT CHARSET=utf8mb4;

--
-- Dumping data untuk tabel `customer`
--

INSERT INTO `customer` (`customer_id`, `name`, `gender`, `phone`, `address`, `created`, `updated`) VALUES
(1, 'Budi Suhartono', 'L', '0821132323', 'Jagakarsa, Jaksel', '2020-07-10 23:00:21', '2020-07-10 18:02:25'),
(2, 'Ana', 'P', '0821132323', 'Kebon Jeruk', '2020-07-10 23:00:50', NULL),
(3, 'Rizal', 'L', '0821132323', 'Depok', '2020-07-16 15:37:23', NULL),
(4, 'Yuko Saputri', 'P', '0821342142', 'Kyoto', '2020-07-16 15:37:47', NULL),
(5, 'Alay', 'L', '0821342142', 'Alay', '2020-07-16 15:38:02', NULL),
(6, 'Berbie', 'P', '08212112', 'Jakarta Timur', '2020-07-16 15:38:20', NULL);

-- --------------------------------------------------------

--
-- Struktur dari tabel `min_o`
--

CREATE TABLE `min_o` (
  `id_mino` int(11) NOT NULL,
  `min_order` int(11) NOT NULL,
  `potongan` int(11) NOT NULL,
  `tgl_input` date NOT NULL
) ENGINE=InnoDB DEFAULT CHARSET=utf8mb4;

--
-- Dumping data untuk tabel `min_o`
--

INSERT INTO `min_o` (`id_mino`, `min_order`, `potongan`, `tgl_input`) VALUES
(1, 5, 2000, '2023-03-11'),
(2, 12, 4000, '2023-03-11'),
(3, 5, 3000, '2023-03-11'),
(4, 0, 0, '0000-00-00'),
(5, 4, 1700, '0000-00-00');

-- --------------------------------------------------------

--
-- Struktur dari tabel `p_category`
--

CREATE TABLE `p_category` (
  `category_id` int(11) NOT NULL,
  `name` varchar(100) NOT NULL,
  `created` datetime NOT NULL DEFAULT current_timestamp(),
  `updated` datetime DEFAULT NULL
) ENGINE=InnoDB DEFAULT CHARSET=utf8mb4;

--
-- Dumping data untuk tabel `p_category`
--

INSERT INTO `p_category` (`category_id`, `name`, `created`, `updated`) VALUES
(2, 'Makanan', '2020-07-10 23:41:35', NULL),
(3, 'Minuman', '2020-07-10 23:41:45', NULL),
(4, 'ATK', '2020-07-12 13:29:18', NULL),
(5, 'Pakaian', '2020-07-12 15:34:56', NULL),
(6, 'Jajanan', '2020-07-13 11:50:54', NULL),
(7, 'FRZN FD', '2023-03-13 18:45:32', NULL),
(8, 'BMB', '2023-03-13 18:48:12', NULL),
(9, 'Mainan', '2023-06-04 19:31:02', NULL);

-- --------------------------------------------------------

--
-- Struktur dari tabel `p_item`
--

CREATE TABLE `p_item` (
  `item_id` int(11) NOT NULL,
  `barcode` varchar(100) DEFAULT NULL,
  `name` varchar(100) DEFAULT NULL,
  `category_id` int(11) NOT NULL,
  `unit_id` int(11) NOT NULL,
  `price_a` int(11) NOT NULL,
  `price` int(11) DEFAULT NULL,
  `stock` int(10) NOT NULL DEFAULT 0,
  `created` datetime NOT NULL DEFAULT current_timestamp(),
  `updated` datetime DEFAULT NULL
) ENGINE=InnoDB DEFAULT CHARSET=utf8mb4;

--
-- Dumping data untuk tabel `p_item`
--

INSERT INTO `p_item` (`item_id`, `barcode`, `name`, `category_id`, `unit_id`, `price_a`, `price`, `stock`, `created`, `updated`) VALUES
(13, 'A001', 'Wafer', 5, 2, 3000, 4000, 34, '2020-07-13 00:29:23', '2020-07-12 20:01:27'),
(14, 'J002', 'Kacang Sukro', 2, 2, 2300, 4500, 4, '2020-07-13 00:29:54', NULL),
(15, 'B001', 'Kacang sukro 200gr', 2, 2, 9000, 10000, 2, '2020-07-13 00:30:19', '2020-07-12 19:59:48'),
(16, 'C001', 'Kripik Jagung 200gr', 2, 2, 9000, 10000, 226, '2020-07-13 01:03:26', '2020-07-12 20:14:46'),
(20, 'A002', 'Kripik singkong 200gr', 3, 6, 9000, 10000, 5, '2020-07-15 21:44:45', NULL),
(21, 'A003', 'kripik singkong pedas 200gr', 3, 6, 9000, 10000, 3, '2020-07-15 21:46:04', NULL),
(22, 'A004', 'Durian 100gr', 2, 2, 12000, 18000, 135, '2020-07-15 21:49:18', NULL),
(23, 'A007', 'Susu Kedelai', 3, 6, 1800, 3000, 27, '2020-07-16 01:14:08', NULL),
(24, 'A008', 'Permen Kaki', 6, 4, 0, 2000, 49, '2020-07-16 01:14:37', NULL),
(25, 'A00123', 'Kripik jagung balado 200gr', 2, 4, 20000, 24000, 38, '2023-03-11 00:07:21', NULL),
(26, 'BC20122', 'Aqua M', 3, 7, 40000, 45000, 36, '2023-03-11 17:21:06', NULL),
(28, 'A001238', 'nivea', 2, 4, 20000, 25000, 69, '2023-03-11 20:46:49', NULL),
(573, 'BMB01', 'MAMAYO B 1KG', 8, 9, 22500, 25000, 10000, '2020-07-13 00:29:23', NULL),
(574, 'BMB02', 'MAMAYO K', 8, 9, 7000, 8000, 10000, '2020-07-14 00:29:22', NULL),
(575, 'BMB03', 'CAOS WONG SOLO ', 8, 9, 1875, 2500, 10000, '2020-07-15 00:29:22', NULL),
(576, 'BMB04', 'POP MIE PEDES GLEDEK (E)', 8, 9, 688, 5500, 10000, '2020-07-16 00:29:22', NULL),
(577, 'BMB05', 'MAMAYO MAYONAIS 200GR', 8, 9, 1000, 8000, 10000, '2020-07-17 00:29:22', NULL),
(578, 'BMB06', 'MAMAYO MAYONAIS 1KG', 8, 9, 23000, 27000, 10000, '2020-07-18 00:29:22', NULL),
(579, 'BMB07', 'EURO XTRA PDS 1KG', 8, 9, 12267, 17000, 10000, '2020-07-19 00:29:22', NULL),
(580, 'BMB08', 'EURO SMBL 1KG', 8, 9, 9650, 15000, 10000, '2020-07-20 00:29:22', NULL),
(581, '8992717781025', 'SUN  KARA (G)', 8, 9, 2636, 3000, 10000, '2020-07-21 00:29:22', NULL),
(582, '8999999502409', 'ROYKO SAPI', 9, 9, 4375, 5000, 10000, '2020-07-22 00:29:22', NULL),
(583, '8999999502393', 'ROYKO AYAM', 9, 9, 4375, 5000, 10000, '2020-07-23 00:29:22', NULL),
(584, 'BMB09', 'CUKA K', 8, 9, 1750, 2500, 10000, '2020-07-24 00:29:22', NULL),
(585, 'BMB10', 'CUKA B', 8, 9, 4375, 5000, 10000, '2020-07-25 00:29:22', NULL),
(586, 'BMB11', 'TELA PAK ', 8, 9, 4000, 4500, 10000, '2020-07-26 00:29:22', NULL),
(587, 'BMB12', 'TUSUK PREMIUM', 8, 10, 7500, 9000, 10000, '2020-07-27 00:29:22', NULL),
(588, 'BMB13', 'ROSTA 2000 (BAWANG,PEDAS)', 8, 9, 1600, 1800, 10000, '2020-07-28 00:29:22', NULL),
(589, 'BMB14', 'ABC SAM BAWANG 3500', 8, 9, 2500, 3500, 10000, '2020-07-29 00:29:22', NULL),
(590, 'BMB15', 'ABC KECAP MANIS 3000', 8, 9, 2325, 3000, 10000, '2020-07-30 00:29:22', NULL),
(591, 'BMB16', 'ABC KECAP MANIS 3001', 8, 9, 1550, 2000, 10000, '2020-07-31 00:29:22', NULL),
(592, 'BMB17', 'ABC KECAP MANIS BTL K', 8, 9, 6650, 7500, 10000, '2020-08-01 00:29:22', NULL),
(593, 'BMB18', 'ABC CAOS BTL K', 8, 9, 6175, 7000, 10000, '2020-08-02 00:29:22', NULL),
(594, 'BMB19', 'ABC CAOS BTL 275ML', 8, 9, 11878, 13000, 10000, '2020-08-03 00:29:22', NULL),
(595, 'BMB20', 'ABC CAOS BTL 335ML', 8, 9, 12450, 15000, 10000, '2020-08-04 00:29:22', NULL),
(596, 'BMB21', 'ABC TERASI SCT', 8, 9, 6155, 7000, 10000, '2020-08-05 00:29:22', NULL),
(597, 'BMB22', 'ABC SAUS TIRAM 135ML', 8, 9, 7899, 9000, 10000, '2020-08-06 00:29:22', NULL),
(598, 'BMB23', 'HOKI SAM SCT', 8, 9, 4263, 5500, 10000, '2020-08-07 00:29:22', NULL),
(599, 'BMB24', 'COKLAT COMPOUND KIKI EGG 1000', 8, 9, 26000, 27000, 10000, '2020-08-08 00:29:22', NULL),
(600, '8998888710598', 'CAOS DELMONTE EX HOT 200GR', 8, 9, 6500, 8000, 10000, '2020-08-09 00:29:22', NULL),
(601, 'BMB25', 'CAOS DELMONTE TOMAT', 8, 9, 5500, 6500, 10000, '2020-08-10 00:29:22', NULL),
(602, 'BMB26', 'JELLI 1000 ISI 24', 8, 9, 21000, 22000, 10000, '2020-08-11 00:29:22', NULL),
(603, '8997024460281', 'KAPAL API GULA AREN', 8, 9, 10252, 11000, 10000, '2020-08-12 00:29:22', NULL),
(604, '8997024460236', 'MC LEWIS CAOS TOMAT 1KG', 8, 9, 13000, 14000, 10000, '2020-08-13 00:29:22', NULL),
(605, '8997024460359', 'MC LEWIS CAOS CABAI 1KG', 8, 9, 13800, 14500, 10000, '2020-08-14 00:29:22', NULL),
(606, '8993200667734', 'MC LEWIS MAYONAISE 1KG', 8, 9, 23000, 25000, 10000, '2020-08-15 00:29:22', NULL),
(607, '8993200666607', 'GOURMET SAUS SAMBAL 500G', 8, 9, 6800, 8500, 10000, '2020-08-16 00:29:22', NULL),
(608, '8997024460717', 'GOURMET EXTRA PEDAS 1KG', 8, 9, 14000, 17000, 10000, '2020-08-17 00:29:22', NULL),
(609, '8997024460618', 'MC LEWIS MAYONAISE 500GR', 8, 9, 11200, 12500, 10000, '2020-08-18 00:29:22', NULL),
(611, '8997005570237', 'SUSU KOTAK BESAR ALL VARIANT ', 8, 9, 4000, 5500, 10000, '2020-08-20 00:29:22', NULL),
(612, '6922130108057', 'COCOLATOS DRINK MATCHA', 8, 9, 15625, 16500, 10000, '2020-08-21 00:29:22', NULL),
(613, 'BMB27', 'TOTOLE 40 GRAM', 8, 9, 6000, 7500, 10000, '2020-08-22 00:29:22', NULL),
(614, 'FRZN001', 'USUS', 7, 8, 3600, 4000, 10000, '2020-08-21 00:29:22', NULL),
(615, '8993207571683', 'KENTANG FIESTA', 7, 8, 20500, 22000, 10000, '2020-08-22 00:29:22', NULL),
(616, 'FRZN002', 'SOTONG', 7, 8, 2800, 3500, 10000, '2020-08-23 00:29:22', NULL),
(617, '8997032113285', 'LONG PAO ISI 25', 7, 8, 10500, 12500, 10000, '2020-08-24 00:29:22', NULL),
(618, 'FRZN003', 'CIRENG FROZEN', 7, 8, 6000, 7000, 10000, '2020-08-25 00:29:22', NULL),
(619, 'FRZN004', 'KECAP THG ', 7, 8, 11800, 12500, 10000, '2020-08-26 00:29:22', NULL),
(620, 'FRZN005', 'TAHU HIDAYAH', 7, 8, 6200, 7500, 10000, '2020-08-27 00:29:22', NULL),
(621, 'FRZN006', 'GORENGAN 7500AN', 7, 8, 6350, 7500, 10000, '2020-08-28 00:29:22', NULL),
(622, '8997233140035', 'SOSIS MAWAR ', 7, 8, 22395, 24000, 10000, '2020-08-29 00:29:22', NULL),
(623, '8993207202174', 'STIK OKEY 500GR', 7, 8, 19350, 21000, 10000, '2020-08-30 00:29:22', NULL),
(624, 'FRZN007', 'NAGET OKEY 500GR', 7, 8, 19350, 21000, 10000, '2020-08-31 00:29:22', NULL),
(625, '8993207202204 ', 'SOSIS OKEY B 1000GR', 7, 8, 39800, 42000, 10000, '2020-09-01 00:29:22', NULL),
(626, '8993207202198', 'SOSIS OKEY K 500GR', 7, 8, 19800, 22000, 10000, '2020-09-02 00:29:22', NULL),
(627, 'FRZN008', 'ADA RASA ISI 30', 7, 8, 8700, 10000, 10000, '2020-09-03 00:29:22', NULL),
(628, 'FRZN009', 'PANGSIT MAWAR ISI 22', 7, 8, 6400, 7500, 10000, '2020-09-04 00:29:22', NULL),
(629, 'FRZN010', 'MARTABAK BALADO ', 7, 8, 6000, 7500, 10000, '2020-09-05 00:29:22', NULL),
(630, 'FRZN011', 'SATE KOIN', 7, 8, 6000, 7500, 10000, '2020-09-06 00:29:22', NULL),
(631, 'FRZN012', 'BAKSO TUSUK', 7, 8, 6000, 7500, 10000, '2020-09-07 00:29:22', NULL),
(632, 'FRZN013', 'ES KRIM ', 7, 8, 2800, 3500, 10000, '2020-09-08 00:29:22', NULL),
(633, 'FRZN014', 'PAHA MIE', 7, 8, 6000, 7500, 10000, '2020-09-09 00:29:22', NULL),
(634, 'FRZN015', 'SUKOI ', 7, 8, 11500, 13000, 10000, '2020-09-10 00:29:22', NULL),
(635, 'FRZN016', 'SKALLEP ILM', 7, 8, 11250, 14000, 10000, '2020-09-11 00:29:22', NULL),
(636, 'FRZN017', 'TEMPURA ILM ', 7, 8, 10750, 14000, 10000, '2020-09-12 00:29:22', NULL),
(637, 'FRZN018', 'BURGER TEMPURA ILM', 7, 8, 11250, 14000, 10000, '2020-09-13 00:29:22', NULL),
(638, 'FRZN019', 'BAKSO TUNA ILM', 7, 8, 11700, 14000, 10000, '2020-09-14 00:29:22', NULL),
(639, 'FRZN020', 'KAKI NAGA MNKO 500GR', 7, 8, 14000, 16000, 10000, '2020-09-15 00:29:22', NULL),
(640, 'FRZN021', 'OTAK-OTAK MNKO 500GR', 7, 8, 15750, 18000, 10000, '2020-09-16 00:29:22', NULL),
(641, 'FRZN022', 'KULIT PANGSIT K', 7, 8, 2600, 3500, 10000, '2020-09-17 00:29:22', NULL),
(642, 'FRZN023', 'TOFU', 7, 8, 6400, 7500, 10000, '2020-09-18 00:29:22', NULL),
(643, 'FRZN024', 'LUMPIA ', 7, 8, 6400, 7500, 10000, '2020-09-19 00:29:22', NULL),
(644, 'FRZN025', 'CHIKEN', 7, 8, 6300, 7500, 10000, '2020-09-20 00:29:22', NULL),
(645, 'FRZN026', 'NAGET SALAM', 7, 8, 17000, 19000, 10000, '2020-09-21 00:29:22', NULL),
(646, 'FRZN027', 'NAGET SOBAT', 7, 8, 10000, 13000, 10000, '2020-09-22 00:29:22', NULL),
(647, 'FRZN028', 'ZEE KOTAK COK,STW', 7, 8, 4662, 5500, 10000, '2020-09-23 00:29:22', NULL),
(648, 'FRZN029', 'SOSIS JUMBO GLORIA ISI 7/14', 7, 8, 23571, 28000, 10000, '2020-09-24 00:29:22', NULL),
(649, 'FRZN030', 'OTAK-OTAK JEMPOL/BIASA', 7, 8, 9375, 10500, 10000, '2020-09-25 00:29:22', NULL),
(650, 'FRZN031', 'ODENG ILM', 7, 8, 23000, 25000, 10000, '2020-09-26 00:29:22', NULL),
(651, 'FRZN032', 'POPEYE', 7, 8, 6200, 7500, 10000, '2020-09-27 00:29:22', NULL),
(652, 'FRZN033', 'DIMSUM', 7, 8, 6200, 7500, 10000, '2020-09-28 00:29:22', NULL),
(653, 'FRZN034', 'SKALLEP K MINAKO', 7, 8, 8000, 10000, 10000, '2020-09-29 00:29:22', NULL),
(654, 'FRZN035', 'BASRENG FF ISI 25', 7, 8, 9000, 12500, 10000, '2020-09-30 00:29:22', NULL),
(655, 'FRZN036', 'ROTI BURGER KECIL', 7, 8, 10000, 12500, 10000, '2020-10-01 00:29:22', NULL),
(656, 'FRZN037', 'VENUS', 7, 8, 5200, 6000, 10000, '2020-10-02 00:29:22', NULL),
(657, 'FRZN038', 'PAHA', 7, 8, 6200, 7500, 10000, '2020-10-03 00:29:22', NULL),
(658, 'FRZN039', 'PAHA PENYET', 7, 8, 6400, 7500, 10000, '2020-10-04 00:29:22', NULL),
(659, 'FRZN040', 'SOSIS MIE', 7, 8, 6400, 7500, 10000, '2020-10-05 00:29:22', NULL),
(660, 'FRZN041', 'ASIMO K 500GR', 7, 8, 17350, 19000, 10000, '2020-10-06 00:29:22', NULL),
(661, 'FRZN042', 'ASIMO B 1000GR', 7, 8, 34200, 37000, 10000, '2020-10-07 00:29:22', NULL),
(662, 'FRZN043', 'VITALIA DAGING BURGER', 7, 8, 8500, 10000, 10000, '2020-10-08 00:29:22', NULL),
(663, 'FRZN044', 'BAKSO MINI ILM', 7, 8, 11500, 14000, 10000, '2020-10-09 00:29:22', NULL),
(664, 'FRZN045', 'SOSIS BELFOOD B 1000GR', 7, 8, 35000, 40000, 10000, '2020-10-10 00:29:22', NULL),
(665, 'FRZN046', 'SOSIS BELFOOD K 500GR', 7, 8, 16650, 20000, 10000, '2020-10-11 00:29:22', NULL),
(666, 'FRZN047', 'NAGET/STIK BELFOOD K 170GR', 7, 8, 1857, 13000, 10000, '2020-10-12 00:29:22', NULL),
(667, 'FRZN048', 'PASTA BOK COK,KJ 500', 7, 8, 1857, 13000, 10000, '2020-10-13 00:29:22', NULL),
(668, 'FRZN049', 'NAGET OOYE', 7, 8, 2857, 20000, 10000, '2020-10-14 00:29:22', NULL),
(669, 'FRZN050', 'SKALLEP ILM PREMIUM', 7, 8, 21000, 23000, 10000, '2020-10-15 00:29:22', NULL),
(670, 'FRZN051', 'KAKI NAGA SUNFISH 500 GR', 7, 8, 15000, 17000, 10000, '2020-10-16 00:29:22', NULL),
(671, 'FRZN052', 'SATE BAROKAH', 7, 8, 6300, 7500, 10000, '2020-10-17 00:29:22', NULL),
(672, 'FRZN053', 'ADA RASA MINI/ABADI MINI', 7, 8, 10500, 12500, 10000, '2020-10-18 00:29:22', NULL),
(673, 'FRZN054', 'KORNET', 7, 8, 15000, 17000, 10000, '2020-10-19 00:29:22', NULL),
(674, 'FRZN055', 'INDOMILK POUCH', 7, 8, 15843, 17000, 10000, '2020-10-20 00:29:22', NULL),
(675, 'FRZN056', 'SOSIS SALJU', 7, 8, 16000, 19000, 10000, '2020-10-21 00:29:22', NULL),
(676, 'FRZN057', 'SAMBEL ULEG FINA 1500', 7, 8, 11200, 12000, 10000, '2020-10-22 00:29:22', NULL),
(677, 'FRZN058', 'CHOCHOLITO 1000', 7, 8, 1214, 8500, 10000, '2020-10-23 00:29:22', NULL),
(678, 'FRZN059', 'BAKSO ILM ANEKA PREMIUM', 7, 8, 10000, 13000, 10000, '2020-10-24 00:29:22', NULL),
(679, 'FRZN060', 'FISH TOFU ILM', 7, 8, 11000, 14000, 10000, '2020-10-25 00:29:22', NULL),
(680, 'FRZN061', 'SOKI STIK', 7, 8, 14000, 17000, 10000, '2020-10-26 00:29:22', NULL),
(681, 'FRZN062', 'CAFFINO BOLD ', 7, 8, 16858, 17500, 10000, '2020-10-27 00:29:22', NULL),
(682, 'FRZN063', 'BAKPO HIJAU', 7, 8, 10000, 12500, 10000, '2020-10-28 00:29:22', NULL),
(683, 'FRZN064', 'SOSIS MAWAR TIGA AYAM', 7, 8, 16000, 18000, 10000, '2020-10-29 00:29:22', NULL),
(684, 'FRZN065', 'BOLA IKAN INDOMINA', 7, 8, 17000, 20000, 10000, '2020-10-30 00:29:22', NULL),
(685, 'FRZN066', 'KENTANG BELFOOD 500GR', 7, 8, 3143, 22000, 10000, '2020-10-31 00:29:22', NULL),
(686, 'FRZN067', 'MARSHMELO I000 ISI 6', 7, 8, 5200, 5500, 10000, '2020-11-01 00:29:22', NULL),
(687, 'FRZN068', 'SLAI OLAI BOK 2000 ALL VARIANT', 7, 8, 15000, 16000, 10000, '2020-11-02 00:29:22', NULL),
(688, 'FRZN069', 'SKALLEP SUNFISH', 7, 8, 20000, 23000, 10000, '2020-11-03 00:29:22', NULL),
(689, 'FRZN070', 'BAKSO MIX SUNFISH', 7, 8, 26000, 30000, 10000, '2020-11-04 00:29:22', NULL),
(690, 'FRZN071', 'DUMPLING AYAM SUNFISH', 7, 8, 26000, 29000, 10000, '2020-11-05 00:29:22', NULL),
(691, 'FRZN072', 'BOLA IKAN MOONLIGHT', 7, 8, 16500, 20000, 10000, '2020-11-06 00:29:22', NULL),
(692, 'FRZN073', 'FISH BALL SUNFISH', 7, 8, 20000, 23000, 10000, '2020-11-07 00:29:22', NULL),
(693, 'FRZN074', 'EKOR UDANG SUNFISH', 7, 8, 26000, 29000, 10000, '2020-11-08 00:29:22', NULL),
(694, 'FRZN075', 'OTAK OTAK SUNFISH', 7, 8, 20000, 23000, 10000, '2020-11-09 00:29:22', NULL),
(695, 'FRZN076', 'OTAK OTAK JE', 7, 8, 9000, 10500, 10000, '2020-11-10 00:29:22', NULL),
(696, 'FRZN077', 'OTAK OTAK MINAKO', 7, 8, 17000, 20000, 10000, '2020-11-11 00:29:22', NULL),
(697, 'FRZN078', 'SKALLEP MINAKO 500GR', 7, 8, 20000, 23000, 10000, '2020-11-12 00:29:22', NULL),
(698, 'FRZN079', 'HATI SUNFISH ', 7, 8, 22000, 25000, 10000, '2020-11-13 00:29:22', NULL),
(699, 'FRZN080', 'UDANG GULUNG SUNFISH', 7, 8, 26000, 28000, 10000, '2020-11-14 00:29:22', NULL),
(707, 'MKN001', 'ZIPPI WAFER 2000', 2, 9, 8750, 1800, 10000, '2020-11-20 00:29:22', NULL),
(708, '8996001302323', 'ROMA MALKIS PAK ABON', 2, 9, 5550, 6500, 10000, '2020-11-21 00:29:22', NULL),
(709, '8996001301579', 'ROMA MALKIS PAK COKLAT KELAPA', 2, 9, 5550, 6500, 10000, '2020-11-22 00:29:22', NULL),
(710, '8992775315057', 'GERY SALUT PAK COKLAT', 2, 9, 5550, 6500, 10000, '2020-11-23 00:29:22', NULL),
(711, '8992775002933', 'GERY SALUT PAK ABON', 2, 9, 5550, 6500, 10000, '2020-11-24 00:29:22', NULL),
(712, '8992775315095', 'GERY SALUT PAK KEJU', 2, 9, 5550, 6500, 10000, '2020-11-25 00:29:22', NULL),
(713, '8992775305102', 'GERY SALUT PAK TABUR KELAPA', 2, 9, 5550, 6500, 10000, '2020-11-26 00:29:22', NULL),
(714, '8992775305164', 'GERY SALUT PAK MATCA', 2, 9, 5550, 6500, 10000, '2020-11-27 00:29:22', NULL),
(715, '8997219760059', 'MIE JAGO 1000', 2, 9, 8500, 9000, 10000, '2020-11-28 00:29:22', NULL),
(716, '8996001301562', 'ROMA MALKIS 1000 COKLAT KELAPA', 2, 9, 8264, 9000, 10000, '2020-11-29 00:29:22', NULL),
(717, '8997004306479', 'SPONGE 1000 MOCHACCINO', 2, 9, 8300, 9000, 10000, '2020-11-30 00:29:22', NULL),
(718, '8886013257400', 'TWISKO 1000', 2, 9, 8500, 9000, 10000, '2020-12-01 00:29:22', NULL),
(719, '8992775002599', 'DILAN BOK 2000', 2, 9, 19200, 20500, 10000, '2020-12-02 00:29:22', NULL),
(720, 'MKN002', 'PILUS 500 ALL VARIANT', 2, 9, 3957, 4500, 10000, '2020-12-03 00:29:22', NULL),
(721, '8992775317235', 'GERY O\'DONUTS RTG 500', 2, 9, 5000, 5500, 10000, '2020-12-04 00:29:22', NULL),
(722, '8992775004302', 'GERY RING 10000', 2, 9, 8300, 9000, 10000, '2020-12-05 00:29:22', NULL),
(723, 'MKN003', 'GERY SEREAL 1000', 2, 9, 8074, 8500, 10000, '2020-12-06 00:29:22', NULL),
(724, '8992775315033', 'GERY SALUT MALKIS 500', 2, 9, 4288, 4500, 10000, '2020-12-07 00:29:22', NULL),
(725, 'MKN004', 'GERY SALUT HAZELNUT 12  ', 2, 9, 5000, 5500, 10000, '2020-12-08 00:29:22', NULL),
(726, '8992775311615', 'CHOCHOLATOS BOK 500', 2, 9, 9747, 10500, 10000, '2020-12-09 00:29:22', NULL),
(727, 'MKN005', 'GERY SALUT ROLL BOK 500', 2, 9, 9889, 10500, 10000, '2020-12-10 00:29:22', NULL),
(728, '8992775311318', 'GERY SEREAL 500', 2, 9, 4069, 4500, 10000, '2020-12-11 00:29:22', NULL),
(729, '8992775310175', 'GERY MESES 500', 2, 9, 4182, 4500, 10000, '2020-12-12 00:29:22', NULL),
(730, '8992775315019', 'GERY BISCHOC 500', 2, 9, 4165, 4500, 10000, '2020-12-13 00:29:22', NULL),
(732, '8992775203408', 'ROSTA 1000 BAWANG', 2, 9, 5566, 6500, 10000, '2020-12-15 00:29:22', NULL),
(733, '8992775000793', 'ROSTA 1000 PEDAS', 2, 9, 7926, 8500, 10000, '2020-12-16 00:29:22', NULL),
(734, 'MKN006', 'LEO 1000', 2, 9, 8134, 9000, 10000, '2020-12-17 00:29:22', NULL),
(735, '8992775318201', 'GERY BANTAL 2000', 2, 9, 8045, 8500, 10000, '2020-12-18 00:29:22', NULL),
(736, 'MKN007', 'KULIT LUMPA (GOLD SPRING ROLL)', 2, 9, 8500, 10000, 10000, '2020-12-19 00:29:22', NULL),
(737, 'MKN008', 'BOLA TOPLES ISI 50 ', 2, 9, 42000, 45000, 10000, '2020-12-20 00:29:22', NULL),
(738, 'MKN009', 'COKLAT PASTA BOK', 2, 9, 24250, 27000, 10000, '2020-12-21 00:29:22', NULL),
(739, '8996001302316', 'ROMA MALKIS ABON', 2, 9, 8458, 8800, 10000, '2020-12-22 00:29:22', NULL),
(740, 'MKN010', 'OKKY JELLY DRINK 1500 (JMB,JRK,STW,MGA)', 2, 9, 21000, 23000, 10000, '2020-12-23 00:29:22', NULL),
(741, 'MKN011', 'YUPI JUST FOR FUN BOK 500', 2, 9, 10250, 11000, 10000, '2020-12-24 00:29:22', NULL),
(742, 'MKN012', 'CANDIMAKER BOK 1000', 2, 9, 15166, 17000, 10000, '2020-12-25 00:29:22', NULL),
(743, 'MKN013', 'PERMEN BUAYA LOLIPOP ISI 30', 2, 9, 24250, 27000, 10000, '2020-12-26 00:29:22', NULL),
(744, 'MKN014', 'PERMEN GAJAH LOLIPOP ISI 30', 2, 9, 24250, 27000, 10000, '2020-12-27 00:29:22', NULL),
(745, 'MKN015', 'PERMEN KINCIR LOLYPOP ISI 30', 2, 9, 24250, 27000, 10000, '2020-12-28 00:29:22', NULL),
(746, '8992741943703', 'YUPI AQUARIUM 1000', 2, 9, 10250, 11000, 10000, '2020-12-29 00:29:22', NULL),
(747, 'MKN016', 'PERMEN NANAS LOLYPOP ISI 30', 2, 9, 24250, 27000, 10000, '2020-12-30 00:29:22', NULL),
(748, 'MKN017', 'PERMEN BOTOL LOLYPOP ISI 30', 2, 9, 24250, 27000, 10000, '2020-12-31 00:29:22', NULL),
(749, 'MKN018', 'PERMEN IKAN LOLYPOP ISI 30', 2, 9, 24250, 27000, 10000, '2021-01-01 00:29:22', NULL),
(750, 'MKN019', 'TIARA 2000', 2, 9, 1600, 1800, 10000, '2021-01-02 00:29:22', NULL),
(751, 'MKN020', 'OLARIS 2000', 2, 9, 1575, 1800, 10000, '2021-01-03 00:29:22', NULL),
(752, 'MKN021', 'TIARA 500 RTG', 2, 9, 4200, 4500, 10000, '2021-01-04 00:29:22', NULL),
(753, '8996001350829', 'WAFELLO 2000 CKLT', 2, 9, 1641, 1800, 10000, '2021-01-05 00:29:22', NULL),
(754, '8996001351888', 'WAFELLO 2000 KARAMEL ', 2, 9, 1641, 1800, 10000, '2021-01-06 00:29:22', NULL),
(755, '6921823506019', 'YOUKA ROLL RTG', 2, 9, 4014, 4500, 10000, '2021-01-07 00:29:22', NULL),
(756, 'MKN022', 'MARIMAS ALL VARIANT GROSIR', 2, 9, 2923, 3500, 10000, '2021-01-08 00:29:22', NULL),
(757, 'MKN023', 'MARIMAS SATUAN RASA', 2, 9, 2923, 3500, 10000, '2021-01-09 00:29:22', NULL),
(758, 'MKN024', 'ES PUTER SATUAN RASA', 2, 9, 2923, 3500, 10000, '2021-01-10 00:29:22', NULL),
(759, 'MKN025', 'ES PUTER ALL VARIANT GROSIR', 2, 9, 2923, 3500, 10000, '2021-01-11 00:29:22', NULL),
(760, 'MKN026', 'PIATTOS 2000 ALL VARIANT', 2, 9, 8651, 9000, 10000, '2021-01-12 00:29:22', NULL),
(761, '8996001524039', 'BUBUR AYAM PAK KUAH KARI', 2, 9, 2550, 3500, 10000, '2021-01-13 00:29:22', NULL),
(762, '8996001524060', 'BUBUR AYAM PAK SOTO', 2, 9, 2550, 3500, 10000, '2021-01-14 00:29:22', NULL),
(763, '8996001524015', 'BUBUR AYAM PAK ABON', 2, 9, 2550, 3500, 10000, '2021-01-15 00:29:22', NULL),
(764, 'MKN027', 'MIE GELAS BARU (NAIK) ALL VRNT', 2, 9, 12500, 13000, 10000, '2021-01-16 00:29:22', NULL),
(765, 'MKN028', 'NUTRI SARI ALL VARIANT', 2, 9, 11099, 12000, 10000, '2021-01-17 00:29:22', NULL),
(766, '8996001354131', 'BENG-BENG BOX', 2, 9, 28000, 29500, 10000, '2021-01-18 00:29:22', NULL),
(767, 'MKN029', 'MARICO ANG,MGG,JMB,STW,JRK', 2, 9, 3850, 4500, 10000, '2021-01-19 00:29:22', NULL),
(768, 'MKN030', 'MAKARONI KUDA MAS', 2, 9, 3650, 4000, 10000, '2021-01-20 00:29:22', NULL),
(769, '8996196226657', 'CLOUD 9 BOK 1000 CKLT', 2, 9, 19200, 20500, 10000, '2021-01-21 00:29:22', NULL),
(770, '8996196226756', 'CLOUD 9 BOK 1000 VANILA', 2, 9, 19200, 20500, 10000, '2021-01-22 00:29:22', NULL),
(771, '8998866202602', 'KRISBEE 2000', 2, 9, 16500, 18000, 10000, '2021-01-23 00:29:22', NULL),
(772, 'MKN031', 'JELLI TUPPERWARE TOPLES 500', 2, 9, 17000, 18000, 10000, '2021-01-24 00:29:22', NULL),
(773, 'MKN032', 'KARAK IKET 500', 2, 9, 3700, 4000, 10000, '2021-01-25 00:29:22', NULL),
(774, 'MKN033', 'IKI JELLI LAYAR NAIK', 2, 9, 2083, 2500, 10000, '2021-01-26 00:29:22', NULL),
(775, 'MKN034', 'KRUPUK TIGA LOMBOK', 2, 9, 7500, 8000, 10000, '2021-01-27 00:29:22', NULL),
(776, 'MKN035', 'YOGU JELLI 500', 2, 9, 4200, 4500, 10000, '2021-01-28 00:29:22', NULL),
(777, '8886013229407', 'MASTER KENTANG FRENCH FRIES', 2, 9, 8200, 9000, 10000, '2021-01-29 00:29:22', NULL),
(778, 'MKN036', 'KRISBEE 1000', 2, 9, 8375, 9000, 10000, '2021-01-30 00:29:22', NULL),
(779, '8888166994386', 'MINI STICK', 2, 9, 4500, 4800, 10000, '2021-01-31 00:29:22', NULL),
(780, '8994834007606', 'LEANET TIK-TIK 1000', 2, 9, 8000, 9000, 10000, '2021-02-01 00:29:22', NULL),
(781, '8992942153512', 'MARSHMELLO COKLAT SNACKIT 1000', 2, 9, 8500, 9000, 10000, '2021-02-02 00:29:22', NULL),
(782, '089686598018', 'CHITATO BBQ 2000 ', 2, 9, 16408, 18000, 10000, '2021-02-03 00:29:22', NULL),
(783, '8993007002967', 'TIGA SAPI KALENG B', 2, 9, 11998, 13000, 10000, '2021-02-04 00:29:22', NULL),
(784, '089686604443', 'JET Z 1000', 2, 9, 8391, 9000, 10000, '2021-02-05 00:29:22', NULL),
(785, '089686923117', 'SARIMI GELAS BAKSO SAPI', 2, 9, 9167, 10000, 10000, '2021-02-06 00:29:22', NULL),
(786, '089686923001', 'SARIMI GELAS AYAM BAWANG', 2, 9, 9167, 10000, 10000, '2021-02-07 00:29:22', NULL),
(787, '089686923063', 'SARIMI GELAS SOTO', 2, 9, 9167, 10000, 10000, '2021-02-08 00:29:22', NULL),
(788, '089686923124', 'SARIMI GELAS SOSIS', 2, 9, 9167, 10000, 10000, '2021-02-09 00:29:22', NULL),
(789, 'MKN037', 'SARIMI GELAS KARI AYAM', 2, 9, 9167, 10000, 10000, '2021-02-10 00:29:22', NULL),
(790, '089686060027', 'POPMIE BESAR AYAM BAWANG ', 2, 9, 3919, 4300, 10000, '2021-02-11 00:29:22', NULL),
(791, 'MKN038', 'POPMIE BESAR (E) AYAM BAWANG ', 2, 9, 3919, 4500, 10000, '2021-02-12 00:29:22', NULL),
(792, '089686060126', 'POPMIE BESAR BAKSO SAPI', 2, 9, 3919, 4300, 9991, '2021-02-13 00:29:22', NULL),
(793, 'MKN039', 'POPMIE BESAR (E) BAKSO SAPI', 2, 9, 3919, 4500, 10000, '2021-02-14 00:29:22', NULL),
(794, '089686061024', 'POP MIE MINI AYAM BAWANG', 2, 9, 2724, 3200, 10000, '2021-02-15 00:29:22', NULL),
(795, 'MKN040', 'POP MIE MINI (E) AYAM BAWANG', 2, 9, 2724, 3500, 10000, '2021-02-16 00:29:22', NULL),
(796, '089686061079', 'POP MIE MINI SOTO', 2, 9, 2724, 3200, 10000, '2021-02-17 00:29:22', NULL),
(797, 'MKN041', 'POP MIE MINI (E) SOTO', 2, 9, 2724, 3500, 10000, '2021-02-18 00:29:22', NULL),
(798, '089686061123', 'POP MIE MINI BAKSO ', 2, 9, 2724, 3200, 10000, '2021-02-19 00:29:22', NULL),
(799, 'MKN042', 'POP MIE MINI (E) BAKSO ', 2, 9, 2724, 3500, 10000, '2021-02-20 00:29:22', NULL),
(800, ' 089686060362', 'POPMIE BESAR SOTO', 2, 9, 3919, 4300, 9999, '2021-02-21 00:29:22', NULL),
(801, 'MKN043', 'POPMIE BESAR (E) SOTO', 2, 9, 3919, 4500, 10000, '2021-02-22 00:29:22', NULL),
(802, '089686405163', 'CAOS CHICKEN RTG', 2, 9, 4300, 5000, 10000, '2021-02-23 00:29:22', NULL),
(803, 'MKN044', 'KIKOYA SOSIS MEKSIO', 2, 9, 7881, 8500, 10000, '2021-02-24 00:29:22', NULL),
(804, '8997225870032', 'KIKOYA SAMBAL BALADO', 2, 9, 7881, 8500, 10000, '2021-02-25 00:29:22', NULL),
(805, 'MKN045', 'MAKARONI MARISO SUPERIBIG 1 KG', 2, 9, 15893, 18000, 10000, '2021-02-26 00:29:22', NULL),
(806, 'MKN046', 'MAKARONI MARISO MINIBIG 1 KG', 2, 9, 15893, 18000, 10000, '2021-02-27 00:29:22', NULL),
(807, 'MKN047', 'PRAMBANAN JELLI ISI 4 500', 2, 9, 1625, 1800, 10000, '2021-02-28 00:29:22', NULL),
(808, '7622201753719', 'BISKUAT 2000 VANILA', 2, 9, 17000, 18000, 10000, '2021-03-01 00:29:22', NULL),
(809, '7622201753566', 'BISKUAT 2000 COKLAT', 2, 9, 17000, 18000, 10000, '2021-03-02 00:29:22', NULL),
(810, 'MKN048', 'BISKUAT 1000 VANILA', 2, 9, 8475, 9000, 10000, '2021-03-03 00:29:22', NULL),
(811, 'MKN049', 'BISKUAT 1000 COKLAT', 2, 9, 8475, 9000, 10000, '2021-03-04 00:29:22', NULL),
(812, 'MKN050', 'DLOOPS OATS ISI 10', 2, 9, 4125, 4500, 10000, '2021-03-05 00:29:22', NULL),
(813, '8997033690372', 'MARSHMELLO DORAEMON KEPANG 500', 2, 9, 8083, 8500, 10000, '2021-03-06 00:29:22', NULL),
(814, '8997033690389', 'MARSHMELLO DORAEMON BULAT 500', 2, 9, 8083, 8500, 10000, '2021-03-07 00:29:22', NULL),
(815, 'MKN051', 'GULALI ', 2, 9, 3600, 4500, 10000, '2021-03-08 00:29:22', NULL),
(816, 'MKN052', 'RAMBAK PAK', 2, 9, 4500, 5000, 10000, '2021-03-09 00:29:22', NULL),
(817, 'MKN053', 'TENGIRI KECIL', 2, 9, 750, 900, 10000, '2021-03-10 00:29:22', NULL),
(818, 'MKN054', 'BAPAO UMI ISI 30', 2, 9, 10500, 12500, 10000, '2021-03-11 00:29:22', NULL),
(819, 'MKN055', 'KRUPUK ISI 20', 2, 9, 7000, 8000, 10000, '2021-03-12 00:29:22', NULL),
(820, 'MKN056', 'PIKSUS ASIN/PEDAS', 2, 9, 7000, 8000, 10000, '2021-03-13 00:29:22', NULL),
(821, 'MKN057', 'CIRENG KRUPUK', 2, 9, 6800, 8000, 10000, '2021-03-14 00:29:22', NULL),
(822, 'MKN058', 'BASRENG KRUPUK', 2, 9, 6800, 8000, 10000, '2021-03-15 00:29:22', NULL),
(823, 'MKN059', 'SOSIS KRUPUK 500', 2, 9, 6800, 8000, 10000, '2021-03-16 00:29:22', NULL),
(824, 'MKN060', 'SOTONG KRUPUK', 2, 9, 6800, 8000, 10000, '2021-03-17 00:29:22', NULL),
(825, 'MKN061', 'TAHU BULAT KRUPUK ISI 10', 2, 9, 3500, 4000, 10000, '2021-03-18 00:29:22', NULL),
(826, 'MKN062', 'SEBLAK KRUPUK', 2, 9, 7000, 8000, 10000, '2021-03-19 00:29:22', NULL),
(827, 'MKN063', 'MAKARONI CAOS ISI 20', 2, 9, 7000, 8000, 10000, '2021-03-20 00:29:22', NULL),
(828, 'MKN064', 'ROTI TAWAR B FARIZ', 2, 9, 8000, 9000, 10000, '2021-03-21 00:29:22', NULL),
(829, 'MKN065', 'ROTI TAWAR K FARIZ', 2, 9, 5000, 5500, 10000, '2021-03-22 00:29:22', NULL),
(830, 'MKN066', 'ROTI SPESIAL COKLAT SUSU', 2, 9, 12000, 13000, 10000, '2021-03-23 00:29:22', NULL),
(831, 'MKN067', 'ROTI SPESIAL COKLAT', 2, 9, 11000, 12000, 10000, '2021-03-24 00:29:22', NULL),
(832, 'MKN068', 'ROTI PISANG COKLAT FARIZ', 2, 9, 2000, 2500, 10000, '2021-03-25 00:29:22', NULL),
(833, 'MKN069', 'CHOYO CUP LAYAR', 2, 9, 7653, 8500, 10000, '2021-03-26 00:29:22', NULL),
(834, 'MKN070', 'CHOYO CUP TOPLES RAINBOW', 2, 9, 28255, 32000, 10000, '2021-03-27 00:29:22', NULL),
(835, 'MKN071', 'ABC TM GULA AREN', 2, 9, 7837, 8500, 10000, '2021-03-28 00:29:22', NULL),
(836, '8993039111255', 'REGAL ROLL KECIL', 2, 9, 11500, 12500, 10000, '2021-03-29 00:29:22', NULL),
(837, 'MKN072', 'REGAL ROLL RENTENG', 2, 9, 9000, 9500, 10000, '2021-03-30 00:29:22', NULL),
(838, 'MKN073', 'MORLING', 2, 9, 7000, 8000, 10000, '2021-03-31 00:29:22', NULL),
(839, 'MKN074', 'KERANG', 2, 9, 7000, 8000, 10000, '2021-04-01 00:29:22', NULL),
(840, 'MKN075', 'KRIPIK TELA 1000', 2, 9, 8500, 9000, 10000, '2021-04-02 00:29:22', NULL),
(841, 'MKN076', 'KOPIKO TOPLES 2000', 2, 9, 19008, 20500, 10000, '2021-04-03 00:29:22', NULL),
(842, '8996001350850', 'SUPERSTAR SNAPS BOK 2000', 2, 9, 19800, 21000, 10000, '2021-04-04 00:29:22', NULL),
(843, '8996001355237', 'SUPERSTAR 1000 BOK', 2, 9, 10200, 10500, 10000, '2021-04-05 00:29:22', NULL),
(844, 'MKN077', 'KALPA BOK 2000', 2, 9, 19800, 21000, 10000, '2021-04-06 00:29:22', NULL),
(846, '8992696521797', 'MILO RTG', 2, 9, 18000, 19000, 10000, '2021-04-08 00:29:22', NULL),
(847, '8997009463443', 'TIARA TWIST 2000', 2, 9, 16500, 18000, 10000, '2021-04-09 00:29:22', NULL),
(848, '8997009463436', 'TIARA RUMPUT LAUT 2000', 2, 9, 16500, 18000, 10000, '2021-04-10 00:29:22', NULL),
(849, 'MKN079', 'BOYKI 1000', 2, 9, 8500, 9000, 10000, '2021-04-11 00:29:22', NULL),
(850, 'MKN080', 'YUPI 1000', 2, 9, 10100, 11000, 10000, '2021-04-12 00:29:22', NULL),
(851, 'MKN081', 'BUBUR AYAM E PAK 46GR', 2, 9, 2525, 3500, 10000, '2021-04-13 00:29:22', NULL),
(852, 'MKN082', 'BUBUR AYAM G PAK 46GR', 2, 9, 2525, 3000, 10000, '2021-04-14 00:29:22', NULL),
(853, '8996001304990', 'SARI GANDUM COKLAT PAK', 2, 9, 6000, 7000, 10000, '2021-04-15 00:29:22', NULL),
(854, '8996001308042', 'SARI GANDUM BOK', 2, 9, 15000, 17000, 10000, '2021-04-16 00:29:22', NULL),
(855, '8996001304143', 'SLAI OLAI BOK 2000 NNS', 2, 9, 15000, 17000, 10000, '2021-04-17 00:29:22', NULL),
(856, '8996001304136', 'SLAI OLAI BOK 2000 BLUEBERRY', 2, 9, 15000, 17000, 10000, '2021-04-18 00:29:22', NULL),
(857, '8996001304129', 'SLAI OLAI BOK 2000 STW', 2, 9, 10200, 10500, 10000, '2021-04-19 00:29:22', NULL),
(858, 'MKN083', 'SARI GANDUM G PAK ', 2, 9, 6000, 6500, 10000, '2021-04-20 00:29:22', NULL),
(859, 'MKN084', 'NISSIN WAFER PAK K 135GR', 2, 9, 6300, 8000, 10000, '2021-04-21 00:29:22', NULL),
(860, 'MKN085', 'NISSIN KERING 300 GR', 2, 9, 7726, 8500, 10000, '2021-04-22 00:29:22', NULL),
(861, 'MKN086', 'SOSIS SOBAT ', 2, 9, 18100, 20000, 10000, '2021-04-23 00:29:22', NULL),
(862, '8992716109189', 'BISKUAT BOLU BOK 2000', 2, 9, 20339, 21000, 10000, '2021-04-24 00:29:22', NULL),
(863, 'MKN087', 'BISKUAT 500 COK,ORI', 2, 9, 4338, 4500, 10000, '2021-04-25 00:29:22', NULL),
(864, 'MKN088', 'OREO MINI PAK 61GR(COK,VNLA)', 2, 9, 7300, 8500, 10000, '2021-04-26 00:29:22', NULL),
(865, '7622201430085', 'OREO SANDWICH 2000 BOK STW', 2, 9, 20415, 21500, 10000, '2021-04-27 00:29:22', NULL),
(866, '7622201430115', 'OREO SANDWICH 2000 BOK ICE CREAM', 2, 9, 20415, 21500, 10000, '2021-04-28 00:29:22', NULL),
(867, 'MKN089', 'DUNIA SATWA ', 2, 9, 8000, 9000, 10000, '2021-04-29 00:29:22', NULL),
(868, 'MKN090', 'RASA SATE', 2, 9, 8000, 9000, 10000, '2021-04-30 00:29:22', NULL),
(869, 'MKN091', 'OKEBIS COOKIES 500 COK,LMN,STW', 2, 9, 4208, 4500, 10000, '2021-05-01 00:29:22', NULL),
(870, 'MKN092', 'HITAM MANIS 500 COK,LMN,VNL ', 2, 9, 5003, 5500, 10000, '2021-05-02 00:29:22', NULL),
(871, 'MKN093', 'CAROLA 2000', 2, 9, 1500, 1800, 10000, '2021-05-03 00:29:22', NULL),
(872, 'MKN094', 'CHIZMILL JASUKE/ORI', 2, 9, 1667, 1800, 10000, '2021-05-04 00:29:22', NULL),
(873, 'MKN095', 'TANGGO WAFER 1000 21GR ALL VARIANT', 2, 9, 8335, 9000, 10000, '2021-05-05 00:29:22', NULL),
(874, 'MKN096', 'TANGGO WAFER 2000 47 GR ALL VARIANT', 2, 9, 1550, 1800, 10000, '2021-05-06 00:29:22', NULL),
(875, 'MKN097', 'BLASTER RTG', 2, 9, 5000, 5500, 10000, '2021-05-07 00:29:22', NULL),
(876, 'MKN098', 'BLASTER NEAPOLITAN/STW SAK ', 2, 9, 6000, 6500, 10000, '2021-05-08 00:29:22', NULL),
(877, '8991102218085', 'CANNON BALL BOK 500', 2, 9, 10300, 10800, 10000, '2021-05-09 00:29:22', NULL),
(878, 'MKN099', 'RAMBUT NENEK JADUL 1000', 2, 9, 7300, 8500, 10000, '2021-05-10 00:29:22', NULL),
(879, 'MKN100', 'STIK GAUL', 2, 9, 7000, 8000, 10000, '2021-05-11 00:29:22', NULL),
(880, 'MKN101', 'NAGET KRUPUK', 2, 9, 6800, 8000, 10000, '2021-05-12 00:29:22', NULL),
(881, 'MKN102', 'NEXTAR 1000', 2, 9, 8400, 8800, 10000, '2021-05-13 00:29:22', NULL),
(882, 'MKN103', 'SIIP RTG 1000', 2, 9, 8400, 9000, 10000, '2021-05-14 00:29:22', NULL),
(883, '8994504102112', 'HELLO PANDA 1000 COK', 2, 9, 8000, 9000, 10000, '2021-05-15 00:29:22', NULL),
(884, 'MKN104', 'HELLO PANDA 1000 STW', 2, 9, 8000, 9000, 10000, '2021-05-16 00:29:22', NULL),
(885, 'MKN105', 'HELLO PANDA 1000 COOKIES&CREAM', 2, 9, 8000, 9000, 10000, '2021-05-17 00:29:22', NULL),
(886, '8994504180011', 'HELLO PANDA 1000 DOUBLE CHOCHO', 2, 9, 8000, 9000, 10000, '2021-05-18 00:29:22', NULL),
(887, '8994504122134', 'SIMBA CUP 2IN1', 2, 9, 10200, 10800, 10000, '2021-05-19 00:29:22', NULL),
(888, 'MKN106', 'SIMBAPILLAW 2000 ', 2, 9, 8250, 9000, 10000, '2021-05-20 00:29:22', NULL),
(889, 'MKN107', 'SIMBA SEREAL 2000', 2, 9, 8250, 9000, 10000, '2021-05-21 00:29:22', NULL),
(890, 'MKN108', 'SELIMUT 500', 2, 9, 4180, 4500, 10000, '2021-05-22 00:29:22', NULL),
(891, 'MKN109', 'BOLA IKAN MINAKO', 2, 9, 19500, 23000, 10000, '2021-05-23 00:29:22', NULL),
(892, 'MKN110', 'PADIMAS 1000 STW,COK,PDN', 2, 9, 7980, 8500, 10000, '2021-05-24 00:29:22', NULL),
(893, 'MKN111', 'JAGUNG JUMBO', 2, 9, 4083, 4500, 10000, '2021-05-25 00:29:22', NULL),
(894, 'MKN112', 'POTATO Q 2000 (RUMPUT LAUT,SOSIS JUMBO,BBQ)', 2, 9, 16000, 17000, 10000, '2021-05-26 00:29:22', NULL),
(895, 'MKN113', 'FRENCH FRIES 2000', 2, 9, 1700, 1800, 10000, '2021-05-27 00:29:22', NULL),
(896, '8992730999377', 'TEJE EYEGLASS KACAMATA BOK', 2, 9, 17500, 18000, 10000, '2021-05-28 00:29:22', NULL),
(897, 'MKN114', 'KARMELLO 2000', 2, 9, 16500, 18000, 10000, '2021-05-29 00:29:22', NULL),
(898, 'MKN115', 'MIE KREMES 1000 RTG', 2, 9, 8500, 9000, 10000, '2021-05-30 00:29:22', NULL),
(899, '18993118937070', 'MIE SHOR BOK 1000 BALADO', 2, 9, 16500, 17500, 10000, '2021-05-31 00:29:22', NULL),
(900, 'MKN116', 'TARO 2000 ', 2, 9, 1600, 1800, 10000, '2021-06-01 00:29:22', NULL),
(901, 'MKN117', 'PILLOW 500', 2, 9, 4367, 4500, 10000, '2021-06-02 00:29:22', NULL),
(902, 'MKN118', 'MARSHMELLO PANJANG ISI 30', 2, 9, 30000, 33000, 10000, '2021-06-03 00:29:22', NULL),
(903, 'MKN119', 'PERMEN/MARSHMELLO BOK\"AN', 2, 9, 26000, 27000, 10000, '2021-06-04 00:29:22', NULL),
(904, 'MKN120', 'GULA KACANG MIKA', 2, 9, 3600, 4500, 10000, '2021-06-05 00:29:22', NULL),
(905, 'MKN121', 'KIZATO MARSHMELLO ', 2, 9, 8000, 8500, 10000, '2021-06-06 00:29:22', NULL),
(906, 'MKN122', 'KIDDY\'S FUN TELUR 1000', 2, 9, 15625, 17000, 10000, '2021-06-07 00:29:22', NULL),
(907, 'MKN123', 'PAMERLO MARSHMELLO KEPANG  500', 2, 9, 8000, 8500, 10000, '2021-06-08 00:29:22', NULL),
(908, 'MKN124', 'POPPING CANDY BOK ISI 40', 2, 9, 15556, 17000, 10000, '2021-06-09 00:29:22', NULL),
(909, 'MKN125', 'BROTATOZ 2000', 2, 9, 15660, 17000, 10000, '2021-06-10 00:29:22', NULL),
(910, 'MKN126', 'P. MIE PEDAS DOWER (G)', 2, 9, 4539, 5000, 10000, '2021-06-11 00:29:22', NULL),
(912, 'MKN127', 'CHIKI TWIST 1000', 2, 9, 8317, 9000, 10000, '2021-06-13 00:29:22', NULL),
(913, 'MKN128', 'QTELA 2000', 2, 9, 16142, 18000, 10000, '2021-06-14 00:29:22', NULL),
(914, '089686611601', 'CHIKI NET 2000', 2, 9, 16408, 18000, 10000, '2021-06-15 00:29:22', NULL),
(915, 'MKN129', 'MURATO BAKPO', 2, 9, 12500, 15000, 10000, '2021-06-16 00:29:22', NULL),
(916, 'MKN130', 'KRUPUK PEDES ALL', 2, 9, 7000, 8000, 10000, '2021-06-17 00:29:22', NULL),
(917, 'MKN131', 'LEANET KENTANG 1000', 2, 9, 8000, 9000, 10000, '2021-06-18 00:29:22', NULL),
(918, 'MKN132', 'JOSS 500', 2, 9, 4063, 4500, 10000, '2021-06-19 00:29:22', NULL),
(919, 'MKN133', 'KOMO 2000', 2, 9, 16000, 18000, 10000, '2021-06-20 00:29:22', NULL),
(920, 'MKN134', 'AMEX 1000', 2, 9, 8000, 9000, 10000, '2021-06-21 00:29:22', NULL),
(921, 'MKN135', 'MELON', 2, 9, 4063, 4300, 10000, '2021-06-22 00:29:22', NULL),
(922, 'MKN136', 'BUMBURI', 2, 9, 3833, 4300, 10000, '2021-06-23 00:29:22', NULL),
(923, '8992952955304', 'CHOCHO COKLAT BOK 2000', 2, 9, 19394, 21000, 10000, '2021-06-24 00:29:22', NULL),
(924, '8992952952372', 'BELLA COKLAT BATANG', 2, 9, 15500, 17000, 10000, '2021-06-25 00:29:22', NULL),
(925, 'MKN137', 'CHOCHO MILK BOK 2000', 2, 9, 17569, 20500, 10000, '2021-06-26 00:29:22', NULL),
(926, 'MKN138', 'CHOCHO  SNACK CRISPY', 2, 9, 9688, 10500, 10000, '2021-06-27 00:29:22', NULL),
(927, '8992952950538', 'MARY QUEEEN COKLAT', 2, 9, 18000, 20500, 10000, '2021-06-28 00:29:22', NULL),
(928, 'MKN139', 'CHOCHO STAWBERRY BOK', 2, 9, 19394, 21000, 10000, '2021-06-29 00:29:22', NULL),
(929, 'MKN140', 'KUACI REBO 1000 PAK', 2, 9, 16500, 18000, 10000, '2021-06-30 00:29:22', NULL),
(930, 'MKN141', 'MIZONE (E)', 2, 9, 2500, 5000, 10000, '2021-07-01 00:29:22', NULL),
(931, '089686400410', 'CAOS INDOFOOD RTG', 2, 9, 5000, 10000, 10000, '2021-07-02 00:29:22', NULL),
(932, 'MKN142', 'POP MIE (B) BAKSO (G)', 2, 9, 2150, 4300, 10000, '2021-07-03 00:29:22', NULL),
(933, 'MKN143', 'POP MIE (B) AYAM BAWANG (G)', 2, 9, 2150, 4300, 10000, '2021-07-04 00:29:22', NULL),
(934, 'MKN144', 'SARIMI ISI DUA GORENG/3PCS', 2, 9, 5500, 11000, 10000, '2021-07-05 00:29:22', NULL),
(935, 'MKN145', 'POP MIE PEDES GLEDEK (G)', 2, 9, 2500, 5000, 10000, '2021-07-06 00:29:22', NULL),
(936, 'MKN146', 'POP MIE (B) BAKSO (E)', 2, 9, 2250, 4500, 10000, '2021-07-07 00:29:22', NULL),
(937, 'MKN147', 'POP MIE (B) AYAM BAWANG (E)', 2, 9, 2250, 4500, 10000, '2021-07-08 00:29:22', NULL),
(938, 'MKN148', 'SUN  KARA (E)', 2, 9, 2636, 3500, 10000, '2021-07-09 00:29:22', NULL),
(939, 'MKN149', 'OREO ROL RED VELVET', 2, 9, 7500, 9000, 10000, '2021-07-10 00:29:22', NULL),
(940, 'MKN150', 'OREO ROL BESAR VANILA', 2, 9, 7726, 8500, 10000, '2021-07-11 00:29:22', NULL),
(941, 'MKN151', 'JERING 500', 2, 9, 7000, 8000, 10000, '2021-07-12 00:29:22', NULL),
(942, 'MKN152', 'JERING 1000', 2, 9, 7500, 8000, 10000, '2021-07-13 00:29:22', NULL),
(943, 'MKN153', 'BUMBU RUJAK', 2, 9, 4100, 4500, 10000, '2021-07-14 00:29:22', NULL),
(944, 'MKN154', 'DAUN JERUK ', 2, 9, 4100, 4500, 10000, '2021-07-15 00:29:22', NULL),
(945, 'MKN155', 'MIE SEJATI KUAH AYAM CABE', 2, 9, 9250, 10500, 10000, '2021-07-16 00:29:22', NULL),
(946, 'MKN156', 'MERRY MIE ', 2, 9, 4000, 4500, 10000, '2021-07-17 00:29:22', NULL),
(947, 'MKN157', 'PASTA BOTOL CRISTAL', 2, 9, 20000, 21500, 10000, '2021-07-18 00:29:22', NULL),
(948, 'MKN158', 'PINO ISI 4 ICE SERUT', 2, 9, 2250, 4500, 10000, '2021-07-19 00:29:22', NULL),
(949, 'MKN159', 'BISK SELAI STW', 2, 9, 1761, 2000, 10000, '2021-07-20 00:29:22', NULL),
(950, 'MKN160', 'BISK SELAI PINEAPLE', 2, 9, 1761, 2000, 10000, '2021-07-21 00:29:22', NULL),
(951, 'MKN161', 'SAPI 2500 (G)', 2, 9, 1933, 2200, 10000, '2021-07-22 00:29:22', NULL),
(952, 'MKN162', 'SAPI 2500 (E)', 2, 9, 1933, 2500, 10000, '2021-07-23 00:29:22', NULL),
(953, 'MKN163', 'JELLI FUJI ', 2, 9, 8100, 8500, 10000, '2021-07-24 00:29:22', NULL),
(954, 'MKN164', 'CRISPY CRACKERS NISSIN K 140GR', 2, 9, 6002, 7000, 10000, '2021-07-25 00:29:22', NULL),
(955, 'MKN165', 'CRISPY CRACKERS NISSIN B 225GR', 2, 9, 9500, 11000, 10000, '2021-07-26 00:29:22', NULL),
(956, 'MKN166', 'WALENS SUS COKLAT', 2, 9, 7700, 9000, 10000, '2021-07-27 00:29:22', NULL),
(957, '8888166995789', 'WALENS SUS BLUEBERRY', 2, 9, 7700, 9000, 10000, '2021-07-28 00:29:22', NULL),
(958, 'MKN167', 'WALENS SUS KEJU', 2, 9, 8995, 9500, 10000, '2021-07-29 00:29:22', NULL),
(959, 'MKN168', 'TOP WAFER COKLAT 300GR', 2, 9, 9950, 11000, 10000, '2021-07-30 00:29:22', NULL),
(960, '8888166994393', 'SERENA 2500 (E)', 2, 9, 1250, 2500, 10000, '2021-07-31 00:29:22', NULL),
(961, 'MKN169', 'VIGO TOPLES 500', 2, 9, 21000, 22500, 10000, '2021-08-01 00:29:22', NULL),
(962, 'MKN170', 'MORIS 500', 2, 9, 4000, 4500, 10000, '2021-08-02 00:29:22', NULL),
(963, 'MKN171', '3500 AN', 2, 9, 3033, 3500, 10000, '2021-08-03 00:29:22', NULL),
(964, 'MKN172', '4500 AN', 2, 9, 4220, 4500, 10000, '2021-08-04 00:29:22', NULL),
(965, 'MKN173', '8000 AN', 2, 9, 7600, 8000, 10000, '2021-08-05 00:29:22', NULL),
(966, 'MKN174', '8500 AN', 2, 9, 8100, 8500, 10000, '2021-08-06 00:29:22', NULL),
(967, 'MKN175', '10500 AN', 2, 9, 10100, 10500, 10000, '2021-08-07 00:29:22', NULL),
(968, 'MKN176', '11000 AN', 2, 9, 10500, 11000, 10000, '2021-08-08 00:29:22', NULL),
(969, 'MKN177', '9000 AN', 2, 9, 8600, 9000, 10000, '2021-08-09 00:29:22', NULL),
(970, 'MKN178', '18000 AN', 2, 9, 16500, 18000, 10000, '2021-08-10 00:29:22', NULL),
(971, 'MKN179', '20500 AN', 2, 9, 20000, 20500, 10000, '2021-08-11 00:29:22', NULL),
(972, 'MKN180', '21000 AN', 2, 9, 20500, 21000, 10000, '2021-08-12 00:29:22', NULL),
(973, 'MKN181', '5500AN', 2, 9, 4900, 5500, 10000, '2021-08-13 00:29:22', NULL),
(974, 'MKN182', '2600 AN', 2, 9, 2400, 2600, 10000, '2021-08-14 00:29:22', NULL),
(975, 'MKN183', '2000 AN ', 2, 9, 1700, 2000, 10000, '2021-08-15 00:29:22', NULL),
(976, 'MKN184', '6500 AN', 2, 9, 5500, 6500, 10000, '2021-08-16 00:29:22', NULL),
(977, 'MKN185', '17000 AN', 2, 9, 16000, 17000, 10000, '2021-08-17 00:29:22', NULL),
(978, 'MKN186', '1000AN', 2, 9, 858, 1000, 10000, '2021-08-18 00:29:22', NULL),
(979, 'MKN187', '900 AN', 2, 9, 858, 900, 10000, '2021-08-19 00:29:22', NULL),
(980, 'MKN188', 'LOTRE', 2, 9, 21000, 23000, 10000, '2021-08-20 00:29:22', NULL),
(981, 'MKN189', 'BETOS 2000', 2, 9, 1700, 1800, 10000, '2021-08-21 00:29:22', NULL),
(982, 'MKN190', 'VINOLA 500', 2, 9, 8100, 8500, 10000, '2021-08-22 00:29:22', NULL),
(983, 'MKN191', 'STICKO MESES 500', 2, 9, 2250, 4500, 10000, '2021-08-23 00:29:22', NULL),
(984, 'MKN192', 'PANDA CHIPS 500', 2, 9, 2250, 4500, 10000, '2021-08-24 00:29:22', NULL),
(985, 'MKN193', 'CHEW-CHEW BALL 500', 2, 9, 4000, 4500, 10000, '2021-08-25 00:29:22', NULL),
(986, 'MKN194', 'MARSHMELLO SELAI ISI 12 500', 2, 9, 4167, 5000, 10000, '2021-08-26 00:29:22', NULL),
(987, 'MKN195', 'DUMPLING AYAM ILM 200 GRAM', 2, 9, 14000, 16000, 10000, '2021-08-27 00:29:22', NULL),
(988, 'MKN196', 'DUMPLING AYAM ILM 500 GRAM', 2, 9, 28000, 31000, 10000, '2021-08-28 00:29:22', NULL),
(989, 'MKN197', 'DUMPLING KEJU ILM 500 GRAM', 2, 9, 29000, 31000, 10000, '2021-08-29 00:29:22', NULL),
(990, 'MKN198', 'DUMPLING KEJU SUNFISH', 2, 9, 28000, 30000, 10000, '2021-08-30 00:29:22', NULL),
(991, 'MKN199', 'FISH TOFU SUNFISH', 2, 9, 22000, 24000, 10000, '2021-08-31 00:29:22', NULL),
(992, 'MKN200', 'SUPERCO', 2, 9, 4401, 4500, 10000, '2021-09-01 00:29:22', NULL),
(993, 'MKN201', 'BABETO 1000', 2, 9, 1500, 9000, 10000, '2021-09-02 00:29:22', NULL),
(994, 'MKN202', 'MIE SUKI 1000', 2, 9, 1500, 9000, 10000, '2021-09-03 00:29:22', NULL),
(995, 'MKN203', 'SPIX BOBA', 2, 9, 563, 4500, 10000, '2021-09-04 00:29:22', NULL),
(996, 'MKN204', 'BIG BOL 500 CHACHA', 2, 9, 2250, 4500, 10000, '2021-09-05 00:29:22', NULL),
(997, 'MKN205', 'ZYLUC BIRU 2500 €', 2, 9, 1100, 2200, 10000, '2021-09-06 00:29:22', NULL),
(998, 'MKN206', 'MAGNUS', 2, 9, 4000, 4300, 10000, '2021-09-07 00:29:22', NULL),
(999, 'MKN207', 'MODI BOK 2000', 2, 9, 19441, 20500, 10000, '2021-09-08 00:29:22', NULL),
(1000, 'MKN364', 'HILO ES PISANG IJO', 2, 9, 16500, 18000, 10000, '2021-09-09 00:29:22', NULL),
(1001, '8992936115021', 'TONGDJI KOTAK', 2, 9, 8400, 9500, 10000, '2021-09-10 00:29:22', NULL),
(1002, 'MKN208', 'NESTLE GOODNES KOTAK', 2, 9, 4036, 5500, 10000, '2021-09-11 00:29:22', NULL),
(1003, 'MKN209', 'BROWNIES MIKA', 2, 9, 2500, 5000, 10000, '2021-09-12 00:29:22', NULL),
(1004, 'MKN210', 'COATED KALPA BOK 1000', 2, 9, 10008, 10500, 10000, '2021-09-13 00:29:22', NULL),
(1005, 'MKN211', 'BENG-BENG SHARE IT', 2, 9, 9000, 10000, 10000, '2021-09-14 00:29:22', NULL),
(1006, 'MKN212', 'MADU STIK BOK 1000', 2, 9, 16000, 17000, 10000, '2021-09-15 00:29:22', NULL),
(1007, 'MKN213', 'TIME BREAK 1000', 2, 9, 8400, 8800, 10000, '2021-09-16 00:29:22', NULL),
(1008, 'MKN214', 'TIME BREAK 2000', 2, 9, 16100, 18000, 10000, '2021-09-17 00:29:22', NULL),
(1009, 'MKN215', 'NEXTAR GANDUM 1000', 2, 9, 4400, 8800, 10000, '2021-09-18 00:29:22', NULL),
(1010, 'MKN216', 'TUSUK/BITING', 2, 9, 2000, 3000, 10000, '2021-09-19 00:29:22', NULL),
(1011, 'MKN217', 'CHOKORETO BOK 500', 2, 9, 9870, 10500, 10000, '2021-09-20 00:29:22', NULL),
(1012, 'MKN218', 'CUCU POP ISI 10 ', 2, 9, 4300, 4500, 10000, '2021-09-21 00:29:22', NULL),
(1013, 'MKN219', 'CUCU RICE CRISPI BOK 1000', 2, 9, 11000, 22000, 10000, '2021-09-22 00:29:22', NULL),
(1014, 'MKN220', 'JELLY ULIR BOTOL ISI 25', 2, 9, 10444, 11000, 10000, '2021-09-23 00:29:22', NULL),
(1015, 'MKN221', 'MEIE ALA RESTO ', 2, 9, 2150, 4300, 10000, '2021-09-24 00:29:22', NULL),
(1016, 'MKN222', 'MILK STW TOPLES ISI 40', 2, 9, 32164, 34000, 10000, '2021-09-25 00:29:22', NULL),
(1017, 'MKN223', 'OISHIME SOTO,ORI ', 2, 9, 2250, 4500, 10000, '2021-09-26 00:29:22', NULL),
(1018, 'MKN224', 'PERMEN CINCIN', 2, 9, 2250, 4500, 10000, '2021-09-27 00:29:22', NULL),
(1019, 'MKN225', 'MAX POTATO 2000', 2, 9, 900, 1800, 10000, '2021-09-28 00:29:22', NULL),
(1020, 'MKN226', 'PEGGO JELLY CUP ISI 12', 2, 9, 2750, 5500, 10000, '2021-09-29 00:29:22', NULL),
(1021, 'MKN227', 'CELUPOP BALL ISI 10', 2, 9, 3725, 4500, 10000, '2021-09-30 00:29:22', NULL),
(1022, 'MKN228', 'CELUPOP MIX 500', 2, 9, 8100, 8500, 10000, '2021-10-01 00:29:22', NULL),
(1023, 'MKN229', 'LIPO LIPO BOK', 2, 9, 9875, 10500, 10000, '2021-10-02 00:29:22', NULL),
(1024, 'MKN230', 'ROLLING CANDY DORAEMON', 2, 9, 2150, 4300, 10000, '2021-10-03 00:29:22', NULL),
(1025, 'MKN231', 'SOSIS OKEY SIAP MAKAN ', 2, 9, 6500, 13000, 10000, '2021-10-04 00:29:22', NULL),
(1026, 'MKN232', 'TOP 1 500', 2, 9, 2150, 4300, 10000, '2021-10-05 00:29:22', NULL),
(1027, 'MKN233', 'CHACHA 1000', 2, 9, 4250, 8500, 10000, '2021-10-06 00:29:22', NULL),
(1028, 'MKN234', 'DILAN TOPLES 1000', 2, 9, 21000, 22000, 10000, '2021-10-07 00:29:22', NULL),
(1029, 'MKN235', 'GERY MALKIS PAK', 2, 9, 1083, 6500, 10000, '2021-10-08 00:29:22', NULL),
(1030, 'MKN236', 'POTATO BBQ 2000', 2, 9, 9000, 18000, 10000, '2021-10-09 00:29:22', NULL),
(1031, '8992775002391', 'POTATO OCORN 2000', 2, 9, 9000, 18000, 10000, '2021-10-10 00:29:22', NULL),
(1032, 'MKN237', 'PILUS 1000 MIE GORENG', 2, 9, 7913, 8500, 10000, '2021-10-11 00:29:22', NULL),
(1033, '8992775005392', 'POTATO NET  2000', 2, 9, 16400, 18000, 10000, '2021-10-12 00:29:22', NULL),
(1034, 'MKN238', 'MIE BONCABE 1000', 2, 9, 4500, 9000, 10000, '2021-10-13 00:29:22', NULL),
(1035, 'MKN239', 'CHOCHOLATOS BOK 1000 DARK CHOCHO', 2, 9, 15344, 17000, 10000, '2021-10-14 00:29:22', NULL),
(1036, 'MKN240', 'CHOCHOLATOS STIK 2000 KJ,CKLT', 2, 9, 1599, 1800, 10000, '2021-10-15 00:29:22', NULL),
(1037, 'MKN241', 'CHOCHOLATOS DRINK MATCHA,CKLT', 2, 9, 15815, 16500, 10000, '2021-10-16 00:29:22', NULL),
(1038, 'MKN242', 'CHOCHOLATOS BOK 1000 VANILA', 2, 9, 15344, 17000, 10000, '2021-10-17 00:29:22', NULL),
(1039, 'MKN243', 'PLASTIK 1 KG', 2, 9, 3000, 17000, 10000, '2021-10-18 00:29:22', NULL),
(1040, 'MKN244', 'CHOCHOLATOS WAFER 1000', 2, 9, 4500, 9000, 10000, '2021-10-19 00:29:22', NULL),
(1041, 'MKN245', 'INDOMIE GORENG AYAM POP ', 2, 9, 7250, 14500, 10000, '2021-10-20 00:29:22', NULL),
(1042, 'MKN246', 'MIE TELUR CAP 3 AYAM', 2, 9, 875, 1750, 10000, '2021-10-21 00:29:22', NULL),
(1043, 'MKN247', 'SARIMI ISI 2 REBUS/3PCS', 2, 9, 5500, 11000, 10000, '2021-10-22 00:29:22', NULL),
(1044, 'MKN248', 'GOVIT COK,STW,KJ', 2, 9, 3919, 4300, 10000, '2021-10-23 00:29:22', NULL),
(1045, 'MKN249', 'MARSHMELLOW BULAT', 2, 9, 8100, 8500, 10000, '2021-10-24 00:29:22', NULL),
(1046, 'MKN250', 'ROMA MALKIS ABON 1000', 2, 9, 8458, 9000, 10000, '2021-10-25 00:29:22', NULL),
(1047, 'MKN251', 'ROMA MALKIS CRACKERS 1000', 2, 9, 8458, 9000, 10000, '2021-10-26 00:29:22', NULL),
(1048, 'MKN252', 'LARUTAN BADAK KALENG ALL VARIANT', 2, 9, 5167, 6000, 10000, '2021-10-27 00:29:22', NULL),
(1049, 'MKN253', 'COLA CANDY', 2, 9, 4750, 5500, 10000, '2021-10-28 00:29:22', NULL),
(1050, 'MKN254', 'HOT HOT CELUP', 2, 9, 2250, 4500, 10000, '2021-10-29 00:29:22', NULL),
(1051, 'MKN255', 'CAOS MC LEWIS CHILI K 500GR', 2, 9, 5743, 7500, 10000, '2021-10-30 00:29:22', NULL),
(1052, 'MKN256', 'MAYONNAISE MCLEWIS 1KG', 2, 9, 22135, 25000, 10000, '2021-10-31 00:29:22', NULL),
(1053, 'MKN257', 'MAYONNAISE MCLEWIS 500GR', 2, 9, 11079, 12500, 10000, '2021-11-01 00:29:22', NULL),
(1054, 'MKN258', 'CAOS MC LEWIS TOMAT K 500GR', 2, 9, 5629, 7500, 10000, '2021-11-02 00:29:22', NULL),
(1055, '8994094000577', 'DAIRY CHAMP KALENG', 2, 9, 12266, 14000, 10000, '2021-11-03 00:29:22', NULL),
(1056, 'MKN259', 'BOLU PREMIUM CAP HIJAU', 2, 9, 11000, 12000, 10000, '2021-11-04 00:29:22', NULL),
(1057, 'MKN260', 'TELA 1000', 2, 9, 8000, 9000, 10000, '2021-11-05 00:29:22', NULL),
(1058, 'MKN261', 'ULIR 1000', 2, 9, 15500, 17000, 10000, '2021-11-06 00:29:22', NULL),
(1059, 'MKN262', 'STIK BAWANG 1000', 2, 9, 16500, 17000, 10000, '2021-11-07 00:29:22', NULL),
(1060, 'MKN263', 'SATE LOVE ', 2, 9, 7500, 8500, 10000, '2021-11-08 00:29:22', NULL),
(1061, 'MKN264', 'GOOD TIME 1000 BOK', 2, 9, 9690, 10500, 10000, '2021-11-09 00:29:22', NULL),
(1062, 'MKN265', 'GOOD TIME 2000 BOK ', 2, 9, 19800, 20500, 10000, '2021-11-10 00:29:22', NULL),
(1063, 'MKN266', 'BINTANG ILM', 2, 9, 10000, 13000, 10000, '2021-11-11 00:29:22', NULL),
(1064, 'MKN267', 'AQUA GELAS', 2, 9, 32000, 34000, 10000, '2021-11-12 00:29:22', NULL),
(1065, 'MKN268', 'HELLO PANDA 3500', 2, 9, 2600, 3500, 10000, '2021-11-13 00:29:22', NULL),
(1066, 'MKN269', 'SIIP 2000', 2, 9, 4500, 9000, 10000, '2021-11-14 00:29:22', NULL),
(1067, 'MKN270', 'JELLY GUM BOK', 2, 9, 9600, 10500, 10000, '2021-11-15 00:29:22', NULL),
(1068, 'MKN271', 'NABATI 1000', 2, 9, 4500, 9000, 10000, '2021-11-16 00:29:22', NULL),
(1069, 'MKN272', 'GERY COCONUT 500 BOK', 2, 9, 10000, 10500, 10000, '2021-11-17 00:29:22', NULL),
(1070, 'MKN273', 'TORA CAFÉ BOTOL', 2, 9, 3000, 3500, 10000, '2021-11-18 00:29:22', NULL),
(1071, 'MKN274', 'BURYAM RTG ', 2, 9, 8583, 9000, 10000, '2021-11-19 00:29:22', NULL),
(1072, 'MKN275', 'KERANG MAS 1000', 2, 9, 7871, 8500, 10000, '2021-11-20 00:29:22', NULL),
(1073, 'MKN276', 'CAOS GM SAMBAL 500 GR', 2, 9, 5772, 8000, 10000, '2021-11-21 00:29:22', NULL),
(1074, 'MKN277', 'CAOS GM EKTRA 1000 GR', 2, 9, 12268, 16000, 10000, '2021-11-22 00:29:22', NULL),
(1076, 'MKN278', 'ALPELLIBEL ECLAIRS SAK', 2, 9, 8000, 8500, 10000, '2021-11-24 00:29:22', NULL),
(1077, 'MKN279', 'PILLOW 1000', 2, 9, 8500, 9000, 10000, '2021-11-25 00:29:22', NULL),
(1078, 'MKN280', 'DONALD JELLI TOPLES TUPPERWARE', 2, 9, 17000, 18000, 10000, '2021-11-26 00:29:22', NULL),
(1079, 'MKN281', 'PALMIA 200GR', 2, 9, 6500, 7500, 10000, '2021-11-27 00:29:22', NULL),
(1080, 'MKN282', 'MAZONI MAYONAISE', 2, 9, 8000, 8500, 10000, '2021-11-28 00:29:22', NULL),
(1081, 'MKN283', 'MAESTRO MAYONAISE', 2, 9, 8000, 9000, 10000, '2021-11-29 00:29:22', NULL),
(1082, 'MKN284', 'SELAI 5000', 2, 9, 4250, 4500, 10000, '2021-11-30 00:29:22', NULL),
(1083, 'MKN285', 'SELAI COKLAT 8000', 2, 9, 7500, 8000, 10000, '2021-12-01 00:29:22', NULL),
(1084, 'MKN286', 'KEJU MEG', 2, 9, 11000, 12500, 10000, '2021-12-02 00:29:22', NULL),
(1085, 'MKN287', 'MAKARONI SEPAT KUNING 1KG', 2, 9, 15500, 17000, 10000, '2021-12-03 00:29:22', NULL),
(1086, 'MKN288', 'MAKARONI SEPAT COKLAT 1KG', 2, 9, 16500, 18000, 10000, '2021-12-04 00:29:22', NULL),
(1087, 'MKN289', 'MITRA BLUEBAND 250GR', 2, 9, 5250, 6000, 10000, '2021-12-05 00:29:22', NULL),
(1088, 'MKN290', 'KACANG TELUR AAN', 2, 9, 8000, 8500, 10000, '2021-12-06 00:29:22', NULL),
(1089, 'MKN291', 'MAGOR CAOS', 2, 9, 9500, 10000, 10000, '2021-12-07 00:29:22', NULL),
(1090, 'MKN292', 'THE RIO ', 2, 9, 18000, 20000, 10000, '2021-12-08 00:29:22', NULL),
(1091, '8993093665480', 'GULA ROSEBRAND', 2, 9, 14500, 15500, 10000, '2021-12-09 00:29:22', NULL),
(1092, 'MKN293', 'CHOCHOLATOS WAFER 2000', 2, 9, 900, 1800, 10000, '2021-12-10 00:29:22', NULL),
(1093, 'MKN294', 'SABRINA 1L POUCH', 2, 9, 21125, 23000, 10000, '2021-12-11 00:29:22', NULL),
(1094, 'MKN295', 'SUKSES ISI 2 KUAH', 2, 9, 9688, 11000, 10000, '2021-12-12 00:29:22', NULL),
(1095, 'MKN296', 'SUKSES ISI 2 GORENG', 2, 9, 9158, 10500, 10000, '2021-12-13 00:29:22', NULL),
(1096, 'MKN297', 'POTABEE 2000', 2, 9, 9000, 18000, 10000, '2021-12-14 00:29:22', NULL),
(1097, 'MKN298', 'JAPOTA 2000', 2, 9, 9000, 18000, 10000, '2021-12-15 00:29:22', NULL),
(1098, 'MKN299', 'SEDAP KUAH POPMIE (G)', 2, 9, 3858, 4300, 10000, '2021-12-16 00:29:22', NULL),
(1099, 'MKN300', 'SEDAP GORENG POPMIE (G)', 2, 9, 4073, 4500, 10000, '2021-12-17 00:29:22', NULL),
(1100, 'MKN301', 'SEDAP BAKSO POP MIE (G)', 2, 9, 4073, 4300, 10000, '2021-12-18 00:29:22', NULL),
(1101, 'MKN302', 'OREO MINI BOK 2000', 2, 9, 17160, 18000, 10000, '2021-12-19 00:29:22', NULL),
(1102, 'MKN303', 'DELMONTE BBQ', 2, 9, 8500, 9500, 10000, '2021-12-20 00:29:22', NULL),
(1103, 'MKN304', 'NISSIN MADU,FISHLY', 2, 9, 9500, 10000, 10000, '2021-12-21 00:29:22', NULL),
(1104, 'MKN305', 'SOSIS BELFOOD 100 GRAM', 2, 9, 10000, 11000, 10000, '2021-12-22 00:29:22', NULL),
(1105, 'MKN306', 'ROTILA', 2, 9, 4100, 4500, 10000, '2021-12-23 00:29:22', NULL),
(1106, 'MKN307', 'ES KRIM MARSHMELLOW ISI 24', 2, 9, 10000, 10500, 10000, '2021-12-24 00:29:22', NULL),
(1107, 'MKN308', 'WIDIA TONGKOL 1000', 2, 9, 450, 900, 10000, '2021-12-25 00:29:22', NULL),
(1108, 'MKN309', 'OKKI JELLI DRINK', 2, 9, 21000, 22000, 10000, '2021-12-26 00:29:22', NULL),
(1109, 'MKN310', 'CHIKUA SUNFSH 200GR', 2, 9, 12000, 15000, 10000, '2021-12-27 00:29:22', NULL);
INSERT INTO `p_item` (`item_id`, `barcode`, `name`, `category_id`, `unit_id`, `price_a`, `price`, `stock`, `created`, `updated`) VALUES
(1110, 'MKN311', '3000 AN', 2, 9, 2700, 3000, 10000, '2021-12-28 00:29:22', NULL),
(1111, 'MKN312', '1500 AN', 2, 9, 1200, 1500, 10000, '2021-12-29 00:29:22', NULL),
(1112, 'MKN313', '1800 AN', 2, 9, 1650, 1800, 10000, '2021-12-30 00:29:22', NULL),
(1113, 'MKN314', '2000 AN', 2, 9, 1650, 2000, 10000, '2021-12-31 00:29:22', NULL),
(1114, 'MKN315', '5000AN', 2, 9, 4500, 5000, 10000, '2022-01-01 00:29:22', NULL),
(1115, 'MKN316', '5500AN', 2, 9, 5000, 5500, 10000, '2022-01-02 00:29:22', NULL),
(1116, 'MKN317', '6000 AN', 2, 9, 5700, 6000, 10000, '2022-01-03 00:29:22', NULL),
(1117, 'MKN318', '6500 AN', 2, 9, 6000, 6500, 10000, '2022-01-04 00:29:22', NULL),
(1118, 'MKN319', '10000 AN', 2, 9, 9500, 10000, 10000, '2022-01-05 00:29:22', NULL),
(1119, 'MKN320', '11000 AN', 2, 9, 10500, 11000, 10000, '2022-01-06 00:29:22', NULL),
(1120, 'MKN321', '11500 AN', 2, 9, 11000, 11500, 10000, '2022-01-07 00:29:22', NULL),
(1121, 'MKN322', '12500 AN', 2, 9, 12000, 12500, 10000, '2022-01-08 00:29:22', NULL),
(1122, 'MKN323', '13000 AN', 2, 9, 12500, 13000, 10000, '2022-01-09 00:29:22', NULL),
(1123, 'MKN324', '13500 AN', 2, 9, 13000, 13500, 10000, '2022-01-10 00:29:22', NULL),
(1124, 'MKN325', '14500 AN', 2, 9, 14000, 14500, 10000, '2022-01-11 00:29:22', NULL),
(1125, '8993014731324', 'BONTEA SAK', 2, 9, 5400, 6000, 10000, '2022-01-12 00:29:22', NULL),
(1126, 'MKN326', 'ALPELLIBELSAK STAWBERRY', 2, 9, 5676, 6000, 10000, '2022-01-13 00:29:22', NULL),
(1127, 'MKN327', 'MAINAN ISI 20', 2, 9, 16500, 17500, 10000, '2022-01-14 00:29:22', NULL),
(1128, 'MKN328', 'PERMEN ISI 24', 2, 9, 19500, 20500, 10000, '2022-01-15 00:29:22', NULL),
(1129, '8994755030523', 'YUPI ICE CREAM CONE 500 BOK/ALL ITEM', 2, 9, 9750, 10500, 10000, '2022-01-16 00:29:22', NULL),
(1130, 'MKN329', 'BOLU NDESO PREMIUM', 2, 9, 12000, 13000, 10000, '2022-01-17 00:29:22', NULL),
(1131, '8993175531894', 'SARIMI BAKSO ', 2, 9, 12875, 13500, 10000, '2022-01-18 00:29:22', NULL),
(1132, '8993175532907', 'NABATI WAFER KEJU BOK 500', 2, 9, 8300, 8800, 10000, '2022-01-19 00:29:22', NULL),
(1133, '8991001903570', 'NABAT I WAFER COKLAT BOK 500', 2, 9, 8300, 8800, 10000, '2022-01-20 00:29:22', NULL),
(1134, '8991001004291', 'TOP DELFI COKLAT BOK 1000', 2, 9, 18648, 20500, 10000, '2022-01-21 00:29:22', NULL),
(1135, '8995555111221', 'TOP DELFI STW BOK 1000', 2, 9, 18648, 20500, 10000, '2022-01-22 00:29:22', NULL),
(1138, '8996001305126', 'SLAI OLAI BOK 2000 STW', 2, 9, 15000, 16000, 10000, '2022-01-25 00:29:22', NULL),
(1139, '8990333822856', 'ARDEN BOK', 2, 9, 8500, 17000, 10000, '2022-01-26 00:29:22', NULL),
(1140, '8991102380805', 'CHOCHOPIE KEJU BOK 2000', 2, 9, 10500, 21000, 10000, '2022-01-27 00:29:22', NULL),
(1141, '8991102381024', 'FULLO COKLAT BOK 500', 2, 9, 5250, 10500, 10000, '2022-01-28 00:29:22', NULL),
(1142, '8991102381109', 'FULLO VNL BOK 500', 2, 9, 5250, 10500, 10000, '2022-01-29 00:29:22', NULL),
(1143, '8991102308861', 'FULLO BLACK VNL BOK 1000', 2, 9, 8750, 17500, 10000, '2022-01-30 00:29:22', NULL),
(1144, '8997242070026', 'FULLO BLASTO BOK 1500', 2, 9, 14500, 16000, 10000, '2022-01-31 00:29:22', NULL),
(1145, '8993175531979', 'CHOKORETO BOK VNL 500', 2, 9, 9870, 10500, 10000, '2022-02-01 00:29:22', NULL),
(1146, '8993175531993', 'SIIP BOK 500 CKLT', 2, 9, 8300, 8800, 10000, '2022-02-02 00:29:22', NULL),
(1147, '8993175531986', 'SIIP BOK 500 KEJU', 2, 9, 8300, 8800, 10000, '2022-02-03 00:29:22', NULL),
(1148, '8993175552707', 'SIIP BOK 500 JAGUNG', 2, 9, 8300, 8800, 10000, '2022-02-04 00:29:22', NULL),
(1149, '7622210695819', 'SIIP BOK 500 CHIKEN', 2, 9, 8300, 8800, 10000, '2022-02-05 00:29:22', NULL),
(1150, 'MKN330', 'OREO MINI BOK STW 2000', 2, 9, 17160, 18000, 10000, '2022-02-06 00:29:22', NULL),
(1151, '7622210607287', 'OREO MINI BOK ORI 2000', 2, 9, 17160, 18000, 10000, '2022-02-07 00:29:22', NULL),
(1152, '8993110002489', 'OREO MINI BOK COKLAT 2000', 2, 9, 17160, 18000, 10000, '2022-02-08 00:29:22', NULL),
(1153, '8997009539612', 'SONICE JUMBO 2000', 2, 9, 26000, 27500, 10000, '2022-02-09 00:29:22', NULL),
(1154, '8997009539599', 'PADIMAS BOK STW 500', 2, 9, 9990, 10500, 10000, '2022-02-10 00:29:22', NULL),
(1155, '8991001005694', 'PADIMAS BOK BLUEBERY 500', 2, 9, 9990, 10500, 10000, '2022-02-11 00:29:22', NULL),
(1157, '8991001005472', 'CLOUD 9 BOK 1000 VANILA', 2, 9, 19587, 20500, 10000, '2022-02-13 00:29:22', NULL),
(1158, '8994755010334', 'YOSAN KARET BOK', 2, 9, 9200, 10000, 10000, '2022-02-14 00:29:22', NULL),
(1159, 'MKN331', 'TIMTAM VANILLA', 2, 9, 10200, 11000, 10000, '2022-02-15 00:29:22', NULL),
(1160, 'MKN332', 'HEXOS TOPLES', 2, 9, 36000, 37000, 10000, '2022-02-16 00:29:22', NULL),
(1161, '8993118621606', 'PERMEN LUNAK TOPLES ISI 50', 2, 9, 43000, 45000, 10000, '2022-02-17 00:29:22', NULL),
(1162, '6921823506033', 'KREMEZ SHOR BOK KJ 500', 2, 9, 10333, 10800, 10000, '2022-02-18 00:29:22', NULL),
(1163, '8991102994422', 'JELLY BEAN ISI 30', 2, 9, 12500, 13000, 10000, '2022-02-19 00:29:22', NULL),
(1164, '8995077600494', 'TANGGO WALUT 1000', 2, 9, 9800, 10500, 10000, '2022-02-20 00:29:22', NULL),
(1165, '8995077603952', 'DEKA ROLL WHITE COFFE 1000', 2, 9, 16332, 17000, 10000, '2022-02-21 00:29:22', NULL),
(1166, '8991001007469', 'DEKA CREPES CHOCONUT', 2, 9, 9998, 10500, 10000, '2022-02-22 00:29:22', NULL),
(1167, '8991102974783', 'CHEWEEZ', 2, 9, 16000, 17000, 10000, '2022-02-23 00:29:22', NULL),
(1168, '8991102945370', 'TANGGO WAFFLE 2000', 2, 9, 19800, 20500, 10000, '2022-02-24 00:29:22', NULL),
(1169, '8991102385091', 'TANGGO 500 CHOCO JVMOCCA', 2, 9, 8300, 8800, 10000, '2022-02-25 00:29:22', NULL),
(1170, '8991102385121', 'TANGGO 500 CHOCO COKLAT', 2, 9, 8300, 8800, 10000, '2022-02-26 00:29:22', NULL),
(1171, '8991102977647', 'TANGGO 500 CHOCO VANILLA', 2, 9, 8300, 8800, 10000, '2022-02-27 00:29:22', NULL),
(1172, '8993175546072', 'TANGGO 500 CHOCO TIRAMISU', 2, 9, 8300, 8800, 10000, '2022-02-28 00:29:22', NULL),
(1173, ' 8996001354117', 'HANZEL 2000', 2, 9, 19800, 20500, 10000, '2022-03-01 00:29:22', NULL),
(1174, 'MKN333', 'KALPA SHARE IT JUMBO ISI 30', 2, 9, 27000, 30000, 10000, '2022-03-02 00:29:22', NULL),
(1175, '8990333822832', 'KALPA SHARE IT ', 2, 9, 9000, 10000, 10000, '2022-03-03 00:29:22', NULL),
(1176, '8991001007452', 'LOTTE HOTWHEELS 2000', 2, 9, 19800, 20500, 10000, '2022-03-04 00:29:22', NULL),
(1177, '8993175549325', 'COKLAT JAGO 1000', 2, 9, 9800, 10500, 10000, '2022-03-05 00:29:22', NULL),
(1178, '8993175551670', 'AMO COKLAT 1000', 2, 9, 16800, 17500, 10000, '2022-03-06 00:29:22', NULL),
(1179, '8995029008804', 'AMO CARAMEL 1000', 2, 9, 16800, 17500, 10000, '2022-03-07 00:29:22', NULL),
(1180, '6925448116042', 'BOLU CINTA COKLAT', 2, 9, 9800, 10500, 10000, '2022-03-08 00:29:22', NULL),
(1181, '8997004040076', 'MODI CANDYPOP', 2, 9, 19800, 20500, 10000, '2022-03-09 00:29:22', NULL),
(1182, '8992952951283', 'JELLY GUM BOK BIRU ', 2, 9, 9600, 10500, 10000, '2022-03-10 00:29:22', NULL),
(1183, '8990800022581', 'CHOCHO LOLIPOP COKLAT', 2, 9, 19394, 20500, 10000, '2022-03-11 00:29:22', NULL),
(1184, '8990800022604', 'MENTOS ROLL MINT BOK NAIK 2500', 2, 9, 29000, 31000, 10000, '2022-03-12 00:29:22', NULL),
(1185, '8991002105584', 'MENTOS ROLL GRAPE BOK NAIK 2500', 2, 9, 29000, 31000, 10000, '2022-03-13 00:29:22', NULL),
(1186, '8994171101289', 'KAPAL API MIX MINI', 2, 9, 4125, 4500, 10000, '2022-03-14 00:29:22', NULL),
(1187, 'MKN334', 'RENGGINANG K ASIN', 2, 9, 4500, 5000, 10000, '2022-03-15 00:29:22', NULL),
(1188, '8992741943741', 'RENGGINANG B ASIN ISI 10', 2, 9, 8000, 8500, 10000, '2022-03-16 00:29:22', NULL),
(1189, 'MKN335', 'RENGGINANG K MANIS', 2, 9, 4000, 4500, 10000, '2022-03-17 00:29:22', NULL),
(1190, 'MKN336', 'RENGGINANG B MANIS ISI 20', 2, 9, 8000, 9000, 10000, '2022-03-18 00:29:22', NULL),
(1191, 'MKN337', 'YUPI BOLICIOUS GRAPE', 2, 9, 9917, 10500, 10000, '2022-03-19 00:29:22', NULL),
(1192, 'MKN338', 'WALENS COKLAT 2000 RTG', 2, 9, 9000, 18000, 10000, '2022-03-20 00:29:22', NULL),
(1193, '8888166995215', 'WALENS BLUEBERRY 2000 RTG', 2, 9, 16083, 18000, 10000, '2022-03-21 00:29:22', NULL),
(1194, 'MKN339', 'TELA 1000', 2, 9, 8000, 9000, 10000, '2022-03-22 00:29:22', NULL),
(1195, 'MKN340', 'TELA SORAYA PACK', 2, 9, 4000, 5000, 10000, '2022-03-23 00:29:22', NULL),
(1196, '8997222130016', 'LUWAK HITAM', 2, 9, 11000, 12000, 10000, '2022-03-24 00:29:22', NULL),
(1197, '8851019510132', 'LEMONILO MI GORENG', 2, 9, 3750, 7500, 9999, '2022-03-25 00:29:22', NULL),
(1198, '8996001318430', 'TEH PUCUK 250ML', 2, 9, 56600, 59000, 10000, '2022-03-26 00:29:22', NULL),
(1199, '8992952950729', 'BETTER RTG ISI 15', 2, 9, 15000, 16000, 10000, '2022-03-27 00:29:22', NULL),
(1200, '8997025914011', 'HATARI PINEAPPLE 225 GR', 2, 9, 7500, 9000, 10000, '2022-03-28 00:29:22', NULL),
(1201, '8997025910570', 'APILO WAFER STAWBERRY 70GR', 2, 9, 2499, 4000, 10000, '2022-03-29 00:29:22', NULL),
(1202, '8997025914578', 'HATARI VANILLA CREAM 190GR', 2, 9, 5047, 7000, 10000, '2022-03-30 00:29:22', NULL),
(1203, '8997025912963', 'DELUX COOKIES STW 160GR', 2, 9, 5400, 7000, 10000, '2022-03-31 00:29:22', NULL),
(1204, '8997025915162', 'DELUX COOKIES COKLAT 160GR', 2, 9, 5400, 7000, 10000, '2022-04-01 00:29:22', NULL),
(1205, '8997025911171', 'HATARI PRETO COKLAT 190GR', 2, 9, 5190, 7000, 10000, '2022-04-02 00:29:22', NULL),
(1206, '8997025914295', 'HATARI LEMON CREAM 190GR', 2, 9, 5190, 7000, 10000, '2022-04-03 00:29:22', NULL),
(1207, '8997025913120', 'HATARI COCOPUFF CKLT 170GR', 2, 9, 5190, 7000, 10000, '2022-04-04 00:29:22', NULL),
(1208, '8997025913076', 'HATARI TWINS COKLAT BLUEBERRY 190GR', 2, 9, 5190, 7000, 10000, '2022-04-05 00:29:22', NULL),
(1209, '8997025914264', 'HATARI BON-BON COKLAT 190GR', 2, 9, 5190, 7000, 10000, '2022-04-06 00:29:22', NULL),
(1210, '8997025914288', 'HATARI COKLAT CREAM 190GR', 2, 9, 5190, 7000, 10000, '2022-04-07 00:29:22', NULL),
(1211, '8997025914585', 'HATARI CAPPUCINO 190GR', 2, 9, 5190, 7000, 10000, '2022-04-08 00:29:22', NULL),
(1212, '8997025912857', 'DELUX BISUAT KELAPA 300GR', 2, 9, 5190, 7000, 10000, '2022-04-09 00:29:22', NULL),
(1213, '8997025910679', 'APILO WAFER PANDAN 70GR', 2, 9, 2499, 4000, 10000, '2022-04-10 00:29:22', NULL),
(1214, '8997025910723', 'APILO WAFER VNLLA 70GR', 2, 9, 2499, 4000, 10000, '2022-04-11 00:29:22', NULL),
(1215, '8997025910587', 'APILO WAFER COKLAT 70GR', 2, 9, 2499, 4000, 10000, '2022-04-12 00:29:22', NULL),
(1216, '8997025911492', 'APILO WAFER COKLAT 250GR', 2, 9, 7400, 9000, 10000, '2022-04-13 00:29:22', NULL),
(1217, '8997025911317', 'HATARI BISCUAT COKLAT 90GR', 2, 9, 2625, 4000, 10000, '2022-04-14 00:29:22', NULL),
(1218, '8997025910020', 'HATARI BISCUAT DURIAN 90GR', 2, 9, 2625, 4000, 10000, '2022-04-15 00:29:22', NULL),
(1219, '8997025911300', 'HATARI BISCUAT COCONUT 90GR', 2, 9, 2625, 4000, 10000, '2022-04-16 00:29:22', NULL),
(1220, 'MKN341', 'PILUS 1000 RENDANG', 2, 9, 7875, 8500, 10000, '2022-04-17 00:29:22', NULL),
(1221, 'MKN342', 'TENGIRI CAP BIRU', 2, 9, 5250, 10500, 10000, '2022-04-18 00:29:22', NULL),
(1222, 'MKN343', 'TENGIRI CAP MERAH', 2, 9, 5750, 11500, 10000, '2022-04-19 00:29:22', NULL),
(1223, 'MKN344', 'TENGIRI CAP HIJAU', 2, 9, 6000, 12000, 10000, '2022-04-20 00:29:22', NULL),
(1224, 'MKN345', 'WIDYA PAK KECIL', 2, 9, 5000, 6500, 10000, '2022-04-21 00:29:22', NULL),
(1225, 'MKN346', 'WIDYA PAK BESAR', 2, 9, 12000, 15000, 10000, '2022-04-22 00:29:22', NULL),
(1226, 'MKN347', 'STIK GAUL', 2, 9, 11000, 14000, 10000, '2022-04-23 00:29:22', NULL),
(1227, 'MKN348', 'MKL MAKARONI  B', 2, 9, 11500, 15000, 10000, '2022-04-24 00:29:22', NULL),
(1228, 'MKN349', 'MKL MAKARONI  BALADO', 2, 9, 5500, 6500, 10000, '2022-04-25 00:29:22', NULL),
(1229, 'MKN350', 'MKL MAKARONI  KECIL ', 2, 9, 5500, 6500, 10000, '2022-04-26 00:29:22', NULL),
(1230, 'MKN351', 'MKL TONGKOL KECIL', 2, 9, 5000, 6000, 10000, '2022-04-27 00:29:22', NULL),
(1231, 'MKN352', 'MKL TONGKOL BESAR', 2, 9, 14000, 17000, 10000, '2022-04-28 00:29:22', NULL),
(1232, 'MKN353', 'ROTI KACANG KECIL', 2, 9, 4000, 5000, 10000, '2022-04-29 00:29:22', NULL),
(1233, 'MKN354', 'ROTI KACANG BESAR', 2, 9, 20000, 25000, 10000, '2022-04-30 00:29:22', NULL),
(1234, '8888166603554', 'KHONG GUAN BESAR', 2, 9, 97500, 105000, 10000, '2022-05-01 00:29:22', NULL),
(1235, '8993175535250', 'NABATI TOPLES KEJU', 2, 9, 20500, 25000, 10000, '2022-05-02 00:29:22', NULL),
(1236, '8992775004685', 'GERY CHOCHOLATOS DARK', 2, 9, 23900, 28500, 10000, '2022-05-03 00:29:22', NULL),
(1237, '8992726939509', 'INACO JELLY MINI', 2, 9, 25500, 29500, 10000, '2022-05-04 00:29:22', NULL),
(1238, '8997212800288', 'FOX\'S TOPLES FRUITS', 2, 9, 15500, 18500, 10000, '2022-05-05 00:29:22', NULL),
(1239, '8997212800295', 'FOX\'S TOPLES BERRIES', 2, 9, 15500, 18500, 10000, '2022-05-06 00:29:22', NULL),
(1240, '8997212800301', 'FOX\'S TOPLES MINIS', 2, 9, 15500, 18500, 10000, '2022-05-07 00:29:22', NULL),
(1241, '8883241262695', 'ROCHO TOPLES', 2, 9, 29900, 34500, 9999, '2022-05-08 00:29:22', NULL),
(1242, 'MKN355', 'RAMBAK KECIL', 2, 9, 9000, 11000, 10000, '2022-05-09 00:29:22', NULL),
(1243, 'MKN356', 'RAMBAK SEDANG', 2, 9, 19000, 21000, 10000, '2022-05-10 00:29:22', NULL),
(1244, 'MKN357', 'RAMBAK BESAR', 2, 9, 27000, 30000, 10000, '2022-05-11 00:29:22', NULL),
(1245, '8888166609570', 'LEMONIA TWIST MIX', 2, 9, 49000, 54000, 10000, '2022-05-12 00:29:22', NULL),
(1246, '8888166336940', 'LEMONIA TWIST LEMON', 2, 9, 48000, 53000, 10000, '2022-05-13 00:29:22', NULL),
(1247, '8993083928427', 'BISKITOP BUTTER COOKIES', 2, 9, 20500, 25000, 10000, '2022-05-14 00:29:22', NULL),
(1248, '8992775319185', 'CHOOLATOS WAFER CREAM TOPLES', 2, 9, 25000, 28000, 10000, '2022-05-15 00:29:22', NULL),
(1249, '8993083929776', 'BISKITOP ORANGE', 2, 9, 20500, 25000, 10000, '2022-05-16 00:29:22', NULL),
(1250, '8993083928595', 'BISKITOP ASSORTED', 2, 9, 20500, 25000, 10000, '2022-05-17 00:29:22', NULL),
(1251, '8992952950743', 'CHOCHO RATU', 2, 9, 18000, 21000, 10000, '2022-05-18 00:29:22', NULL),
(1252, '8992952925659', 'CHOCHO RADJA', 2, 9, 33500, 37500, 10000, '2022-05-19 00:29:22', NULL),
(1253, '8993083929790', 'ASSORTED DURIAN BISCUITS', 2, 9, 24500, 28000, 10000, '2022-05-20 00:29:22', NULL),
(1254, '8993083929905', 'ASSORTED WAFER CREAM', 2, 9, 24500, 28000, 10000, '2022-05-21 00:29:22', NULL),
(1255, '8993083929806', 'ASSORTED CHOCOLATE BISCUITS ', 2, 9, 24500, 28000, 10000, '2022-05-22 00:29:22', NULL),
(1256, '8993175540261', 'NEXTAR  NANAS KALENG', 2, 9, 32000, 35000, 10000, '2022-05-23 00:29:22', NULL),
(1257, '8993083923545', 'BISKITOP CLASSIC', 2, 9, 23500, 27000, 10000, '2022-05-24 00:29:22', NULL),
(1258, '8993371520005', 'BMX WAFER ROLL TOPLES', 2, 9, 22000, 26000, 10000, '2022-05-25 00:29:22', NULL),
(1259, '8992775319031', 'GERY BUTTER COOKIES', 2, 9, 28000, 31000, 10000, '2022-05-26 00:29:22', NULL),
(1260, '8992775311011', 'GERY WAFER ROLL', 2, 9, 26500, 30000, 10000, '2022-05-27 00:29:22', NULL),
(1261, '8996001350867', 'WAFELLO COKLAT KALENG', 2, 9, 15750, 31500, 10000, '2022-05-28 00:29:22', NULL),
(1262, '8996001357255', 'WAFELLO CARAMEL KALENG', 2, 9, 15750, 31500, 10000, '2022-05-29 00:29:22', NULL),
(1263, '8993083925648', 'BISKOTO ', 2, 9, 36000, 40000, 10000, '2022-05-30 00:29:22', NULL),
(1264, '8886001012080', 'ROMA BISKUAT KELAPA', 2, 9, 34000, 38000, 10000, '2022-05-31 00:29:22', NULL),
(1266, '8993083929837', 'BISKITOP BLACK COOKIES', 2, 9, 24000, 28000, 10000, '2022-06-02 00:29:22', NULL),
(1267, '8992775004661', 'GERY BUTTER COOKIES TOPLES PENDEK', 2, 9, 28000, 32000, 10000, '2022-06-03 00:29:22', NULL),
(1268, '8993175537810', 'NABATI COKLAT KALENG', 2, 9, 27800, 31500, 10000, '2022-06-04 00:29:22', NULL),
(1269, '8992952924331', 'CHO-CHO WAFER ROLL TOPLES', 2, 9, 15000, 18000, 10000, '2022-06-05 00:29:22', NULL),
(1270, '8991102600026', 'CANDY CARNIVAL ', 2, 9, 21000, 25000, 10000, '2022-06-06 00:29:22', NULL),
(1271, '8888166336988', ' NISSIN ASSORTED BISCUITS', 2, 9, 47000, 51000, 10000, '2022-06-07 00:29:22', NULL),
(1274, 'MKN358', 'OREO ROL KECIL COKLAT', 2, 9, 4239, 5500, 10000, '2022-06-10 00:29:22', NULL),
(1275, 'MKN359', 'OREO ROL BESAR COKLAT', 2, 9, 7726, 8500, 10000, '2022-06-11 00:29:22', NULL),
(1276, 'MKN360', 'OREO WAFER COKLAT', 2, 9, 7100, 8500, 10000, '2022-06-12 00:29:22', NULL),
(1277, 'MKN361', 'OREO WAFER VANILA', 2, 9, 7100, 8500, 10000, '2022-06-13 00:29:22', NULL),
(1278, 'MKN362', 'OREO ROL KECIL VANILA ', 2, 9, 4239, 5500, 10000, '2022-06-14 00:29:22', NULL),
(1279, 'MKN363', 'KHG GELAS MINI', 2, 9, 18000, 21000, 10000, '2022-06-15 00:29:22', NULL),
(1280, '7622300335755', 'OREO SOFT CAKE BOK ', 3, 9, 19500, 21000, 10000, '2022-06-14 00:29:22', NULL),
(1281, '8996001524091', 'BUBUR AYAM RENTENG', 3, 9, 8250, 9000, 10000, '2022-06-15 00:29:22', NULL),
(1282, '749921030375', 'HILO AVOCADO CHOCHOLATE', 3, 9, 12700, 13500, 10000, '2022-06-16 00:29:22', NULL),
(1283, 'MNMN002', 'HILO HAZELNUT', 3, 9, 12700, 13500, 10000, '2022-06-17 00:29:22', NULL),
(1284, '749921030573', 'HILO COKLAT TARO', 3, 9, 12700, 13500, 10000, '2022-06-18 00:29:22', NULL),
(1285, '749921030467', 'HILO COKLAT BANANA', 3, 9, 12700, 13500, 10000, '2022-06-19 00:29:22', NULL),
(1286, '749921030351', 'HILO WHITE COKLAT', 3, 9, 12700, 13500, 10000, '2022-06-20 00:29:22', NULL),
(1287, '749921030146', 'HILO COKLAT', 3, 9, 12700, 13500, 10000, '2022-06-21 00:29:22', NULL),
(1288, '8995152401039', 'KUACI BISON', 3, 9, 8700, 9000, 10000, '2022-06-22 00:29:22', NULL),
(1289, '089686590197', 'CHIKI BALLS CHEEKY CHICKEN 2000', 3, 9, 16408, 18000, 10000, '2022-06-23 00:29:22', NULL),
(1290, '089686732009', 'CHITATO LITE 2000', 3, 9, 16408, 18000, 10000, '2022-06-24 00:29:22', NULL),
(1291, '8993007001700', 'INDOMILK COKLAT RTG 37GR', 3, 9, 7105, 8000, 10000, '2022-06-25 00:29:22', NULL),
(1292, '8993007001694', 'INDOMILK VANILA RTG 37GR', 3, 9, 7105, 8000, 10000, '2022-06-26 00:29:22', NULL),
(1293, 'MNMN003', 'YOSAN TOPLES KECIL PRMN KRET', 3, 9, 17660, 20000, 10000, '2022-06-27 00:29:22', NULL),
(1294, 'MNMN004', 'ABC TM BUBBLE GUM', 3, 9, 7837, 8500, 10000, '2022-06-28 00:29:22', NULL),
(1295, 'MNMN005', 'NGIPAS BOK LOLIPOP', 3, 9, 19441, 20500, 10000, '2022-06-29 00:29:22', NULL),
(1296, '749921010360', 'WEDANG BAJIGUR ', 3, 9, 16650, 18000, 10000, '2022-06-30 00:29:22', NULL),
(1297, 'MNMN006', 'STIK AJAIB', 3, 9, 6000, 7000, 10000, '2022-07-01 00:29:22', NULL),
(1298, 'MNMN007', 'TORTILLA 1000 RTG', 3, 9, 8182, 9000, 10000, '2022-07-02 00:29:22', NULL),
(1299, '8993058105013', 'EXTRA JOSS', 3, 9, 11800, 12500, 10000, '2022-07-03 00:29:22', NULL),
(1300, '899908045805', 'HEMAVITON JRENG', 3, 9, 7200, 8000, 10000, '2022-07-04 00:29:22', NULL),
(1301, 'MNMN008', 'KUKUBIMA', 3, 9, 6000, 6000, 10000, '2022-07-05 00:29:22', NULL),
(1302, '8991002105645', 'KAPAL API MANTAP', 3, 9, 10200, 11000, 10000, '2022-07-06 00:29:22', NULL),
(1303, 'MNMN009', 'MARTABAK KUNING DY NAIK', 3, 9, 6400, 7500, 10000, '2022-07-07 00:29:22', NULL),
(1304, '8992696426528', 'CARNATION B KALENG', 3, 9, 13200, 14500, 10000, '2022-07-08 00:29:22', NULL),
(1305, '8992696426481', 'CARNATION K KALENG', 3, 9, 11700, 12500, 10000, '2022-07-09 00:29:22', NULL),
(1306, '8992696525054', 'DANCOW RTG VANILA', 3, 9, 34500, 37000, 10000, '2022-07-10 00:29:22', NULL),
(1307, 'MNMN010', 'MILO KOTAK B 180ML', 3, 9, 4296, 5500, 10000, '2022-07-11 00:29:22', NULL),
(1308, '8992696525030', 'DANCOW RTG CKLT', 3, 9, 34500, 37000, 10000, '2022-07-12 00:29:22', NULL),
(1309, 'MNMN011', 'WAFER TOP PAK 300 GR COK,STW', 3, 9, 9500, 11000, 10000, '2022-07-13 00:29:22', NULL),
(1310, 'MNMN012', 'ADEM SARI HANGER/PAK', 3, 9, 40493, 43000, 10000, '2022-07-14 00:29:22', NULL),
(1311, 'MNMN013', 'ADEM SARI DUS ISI 12', 3, 9, 12400, 13500, 10000, '2022-07-15 00:29:22', NULL),
(1312, 'MNMN014', 'ADEM SARI KALENG SPRKL', 3, 9, 5800, 7000, 10000, '2022-07-16 00:29:22', NULL),
(1313, 'MNMN015', 'ADEM SARI KALENG CHINGKU', 3, 9, 5900, 7000, 10000, '2022-07-17 00:29:22', NULL),
(1314, 'MNMN016', 'ADEM SARI 1/2 HANGER/PAK', 3, 9, 20246, 22000, 10000, '2022-07-18 00:29:22', NULL),
(1315, 'MNMN017', 'SNACK 2000AN', 3, 9, 1600, 1800, 10000, '2022-07-19 00:29:22', NULL),
(1316, '8991002103764', 'GOODDAY CAPPUCINO', 3, 9, 15538, 16500, 10000, '2022-07-20 00:29:22', NULL),
(1317, '8991002105486', 'KAPAL API MIX', 3, 9, 11183, 12000, 10000, '2022-07-21 00:29:22', NULL),
(1318, '8991002101630', 'ABC SUSU', 3, 9, 10800, 12000, 10000, '2022-07-22 00:29:22', NULL),
(1319, 'MNMN018', 'ABC MOCCA', 3, 9, 10800, 12000, 10000, '2022-07-23 00:29:22', NULL),
(1320, 'MNMN019', 'ABC WHITE COFFE', 3, 9, 10800, 12000, 10000, '2022-07-24 00:29:22', NULL),
(1321, '8991002103238', 'GOODDAY MOCACINO', 3, 9, 10800, 12000, 10000, '2022-07-25 00:29:22', NULL),
(1322, '8991002103931', 'GOODDAY CAREBIAN', 3, 9, 10800, 12000, 10000, '2022-07-26 00:29:22', NULL),
(1323, '8991002103337', 'GOODDAY VANILA LATTE', 3, 9, 10800, 12000, 10000, '2022-07-27 00:29:22', NULL),
(1324, '8991002103535', 'GOODDAY ORIGINAL', 3, 9, 10800, 12000, 10000, '2022-07-28 00:29:22', NULL),
(1325, '8991002103832', 'GOODDAY COKLAT', 3, 9, 10800, 12000, 10000, '2022-07-29 00:29:22', NULL),
(1326, '8991002103733', 'GOODDAY MOCAFRIO', 3, 9, 17781, 18500, 10000, '2022-07-30 00:29:22', NULL),
(1327, '8991002103436', 'GOODDAY COOLIN', 3, 9, 54000, 59000, 10000, '2022-07-31 00:29:22', NULL),
(1328, 'MNMN020', 'CHILL GO BOTOL', 3, 9, 5000, 6000, 10000, '2022-08-01 00:29:22', NULL),
(1329, '8992802064019', 'ZEE SUSU RTG COKLAT', 3, 9, 32000, 34000, 10000, '2022-08-02 00:29:22', NULL),
(1330, '8992802064026', 'ZEE SUSU RTG VANILLA', 3, 9, 32000, 34000, 10000, '2022-08-03 00:29:22', NULL),
(1331, 'MNMN021', 'P. MIE PEDAS DOWER (E)', 3, 9, 4539, 5500, 10000, '2022-08-04 00:29:22', NULL),
(1332, 'MNMN022', 'ISOCUP', 3, 9, 18750, 20000, 10000, '2022-08-05 00:29:22', NULL),
(1333, 'MNMN023', 'SERUPUT KOPI (E) 200ML', 3, 9, 2396, 2500, 10000, '2022-08-06 00:29:22', NULL),
(1334, 'MNMN024', 'SERUPUT KOPI (G) 200ML', 3, 9, 2396, 3000, 10000, '2022-08-07 00:29:22', NULL),
(1335, '8886008101053', 'AQUA 600 ML (G)', 3, 9, 1958, 2200, 10000, '2022-08-08 00:29:22', NULL),
(1336, '8886008101336', 'AQUA 330 ML (G)', 3, 9, 1542, 1700, 10000, '2022-08-09 00:29:22', NULL),
(1337, '8886008101091', 'AQUA 1,5 ML (G)', 3, 9, 4375, 4700, 10000, '2022-08-10 00:29:22', NULL),
(1338, '8992752112013', 'MIZONE (G)', 3, 9, 3375, 4000, 10000, '2022-08-11 00:29:22', NULL),
(1339, 'MNMN025', 'AQUA 600 ML (E)', 3, 9, 1958, 2500, 10000, '2022-08-12 00:29:22', NULL),
(1340, 'MNMN026', 'AQUA 330 ML (E)', 3, 9, 1542, 2000, 10000, '2022-08-13 00:29:22', NULL),
(1341, 'MNMN027', 'AQUA 1,5 ML (E)', 3, 9, 4375, 5000, 10000, '2022-08-14 00:29:22', NULL),
(1342, 'MNMN028', 'LEMONIA RTG 1000 COOKIES', 3, 9, 8500, 9000, 10000, '2022-08-15 00:29:22', NULL),
(1343, '8991002114081', 'PIKOPI GULA AREN RTG', 3, 9, 8249, 9000, 10000, '2022-08-16 00:29:22', NULL),
(1344, 'MNMN029', 'GOODDAY DUET', 3, 9, 10991, 11000, 10000, '2022-08-17 00:29:22', NULL),
(1345, '8991002109377', 'FRESCO CAPPUCINO', 3, 9, 11580, 12500, 10000, '2022-08-18 00:29:22', NULL),
(1346, 'MNMN030', 'PIKOPI KOPI MIX', 3, 9, 8249, 9000, 10000, '2022-08-19 00:29:22', NULL),
(1347, 'MNMN031', 'MARIE SUSU PAK INAFOOD', 3, 9, 2498, 4000, 10000, '2022-08-20 00:29:22', NULL),
(1348, 'MNMN032', 'MILKUAT 1500 (G)', 3, 9, 1087, 1300, 10000, '2022-08-21 00:29:22', NULL),
(1349, 'MNMN033', 'SERENA 2500 (G)', 3, 9, 1889, 2000, 10000, '2022-08-22 00:29:22', NULL),
(1350, 'MNMN034', 'ICHI OHA', 3, 9, 46000, 49000, 10000, '2022-08-23 00:29:22', NULL),
(1351, 'MNMN035', 'JAVANA', 3, 9, 24000, 26000, 10000, '2022-08-24 00:29:22', NULL),
(1352, 'MNMN036', 'THE RIO ', 3, 9, 18000, 20000, 10000, '2022-08-25 00:29:22', NULL),
(1353, 'MNMN037', 'MILKU STAWBERRY', 3, 9, 28000, 30000, 10000, '2022-08-26 00:29:22', NULL),
(1354, 'MNMN038', 'MILKU COKLAT', 3, 9, 28000, 30000, 10000, '2022-08-27 00:29:22', NULL),
(1355, 'MNMN039', 'SNACK 2000AN ECER', 3, 9, 1700, 2000, 10000, '2022-08-28 00:29:22', NULL),
(1356, 'MNMN040', 'ROTI AOKA GULUNG KEJU', 3, 9, 1900, 2100, 10000, '2022-08-29 00:29:22', NULL),
(1357, 'MNMN041', '2500 AN', 3, 9, 2200, 2500, 10000, '2022-08-30 00:29:22', NULL),
(1358, 'MNMN042', '1300 AN', 3, 9, 1100, 1200, 10000, '2022-08-31 00:29:22', NULL),
(1359, 'MNMN043', 'CAMELO SEREAL', 3, 9, 833, 900, 10000, '2022-09-01 00:29:22', NULL),
(1360, 'MNMN044', 'CIMORY KOTAK B', 3, 9, 5173, 7000, 10000, '2022-09-02 00:29:22', NULL),
(1361, 'MNMN045', 'TEH KITA', 3, 9, 18500, 20000, 10000, '2022-09-03 00:29:22', NULL),
(1362, 'MNMN046', 'TEH BANDULAN', 3, 9, 26240, 28000, 10000, '2022-09-04 00:29:22', NULL),
(1363, 'MNMN047', 'FUNNY BEAR BOK 500', 3, 9, 9674, 10500, 10000, '2022-09-05 00:29:22', NULL),
(1364, 'MNMN048', 'MAKARONI SELARAS PINK SUPERBIG', 3, 9, 13421, 15000, 10000, '2022-09-06 00:29:22', NULL),
(1365, 'MNMN049', 'TICK TOSS BWG,MRH 2000', 3, 9, 1500, 1800, 10000, '2022-09-07 00:29:22', NULL),
(1366, '8992802038010', 'ENTRASOL RTG COKLAT', 3, 9, 26198, 28000, 10000, '2022-09-08 00:29:22', NULL),
(1367, '8992802038027', 'ENTRASOL RTG VANILA', 3, 9, 26198, 28000, 10000, '2022-09-09 00:29:22', NULL),
(1368, '8992753102303', 'SUSU BENDERA COKLAT RTG', 3, 9, 7715, 8000, 10000, '2022-09-10 00:29:22', NULL),
(1369, '8992753031900', 'SUSU BENDERA VANILLA RTG', 3, 9, 7715, 8000, 10000, '2022-09-11 00:29:22', NULL),
(1370, '8996001600269', 'LE MINERALE 600ML (G)', 3, 9, 1813, 2000, 10000, '2022-09-12 00:29:22', NULL),
(1371, '8996001600399', 'LE MINERALE 1,5ML (G)', 3, 9, 3958, 4500, 10000, '2022-09-13 00:29:22', NULL),
(1372, 'MNMN050', 'LE MINERALE 600ML (E)', 3, 9, 1813, 2500, 10000, '2022-09-14 00:29:22', NULL),
(1373, 'MNMN051', 'LE MINERALE 1,5ML (E)', 3, 9, 3958, 5000, 10000, '2022-09-15 00:29:22', NULL),
(1374, '8996001600375', 'LE MINERALE 330 ML (E)', 3, 9, 1417, 2000, 10000, '2022-09-16 00:29:22', NULL),
(1375, 'MNMN052', 'LE MINERALE 330 ML (G)', 3, 9, 1417, 1600, 10000, '2022-09-17 00:29:22', NULL),
(1376, 'MNMN053', 'LE MINERALE GALON 5L', 3, 9, 13500, 15000, 10000, '2022-09-18 00:29:22', NULL),
(1377, 'MNMN054', 'LE MINERALE GALON BESAR', 3, 9, 18000, 20000, 10000, '2022-09-19 00:29:22', NULL),
(1378, 'MNMN055', 'AQUA GALON', 3, 9, 17600, 19000, 10000, '2022-09-20 00:29:22', NULL),
(1379, 'MNMN056', 'SOVIA POUCH 2L', 3, 9, 37327, 42000, 10000, '2022-09-21 00:29:22', NULL),
(1380, 'MNMN057', 'LARUTAN K3 320ML BUAH  ', 3, 9, 5275, 6000, 10000, '2022-09-22 00:29:22', NULL),
(1381, 'MNMN058', 'LARUTAN K3 ORI 500ML BTL', 3, 9, 5888, 6500, 10000, '2022-09-23 00:29:22', NULL),
(1382, 'MNMN059', 'LARUTAN K3 ORI 200ML BTL', 3, 9, 2944, 3500, 10000, '2022-09-24 00:29:22', NULL),
(1383, 'MNMN060', 'SOSIS JUMBO BELFOOD', 3, 9, 27000, 30000, 10000, '2022-09-25 00:29:22', NULL),
(1384, 'MNMN061', 'BENDERA GOLD KALENG 370GR', 3, 9, 15899, 17000, 10000, '2022-09-26 00:29:22', NULL),
(1385, '8992753101207', 'BENDERA KALENG VANILA 370 GR', 3, 9, 11664, 12500, 10000, '2022-09-27 00:29:22', NULL),
(1386, '8992753102204', 'BENDERA KALENG COKLAT 370 GR', 3, 9, 11664, 12500, 10000, '2022-09-28 00:29:22', NULL),
(1387, 'MNMN062', 'MADU MONGSO', 3, 9, 11000, 12000, 10000, '2022-09-29 00:29:22', NULL),
(1388, '8992753004010', 'BENDERA POUCH VANILA 545GR', 3, 9, 15000, 17500, 10000, '2022-09-30 00:29:22', NULL),
(1389, '8992753004034', 'BENDERA POUCH COKLAT 545 GR', 3, 9, 15000, 17500, 10000, '2022-10-01 00:29:22', NULL),
(1390, '8992753721597', 'BENDERA POUCH VANILA 280 GR', 3, 9, 10000, 11000, 10000, '2022-10-02 00:29:22', NULL),
(1391, '8992753721580', 'BENDERA POUCH COKLAT 280 GR', 3, 9, 10000, 11000, 10000, '2022-10-03 00:29:22', NULL),
(1392, '9311931024036', 'INDOCAFE COFFE MIX', 3, 9, 12000, 13000, 10000, '2022-10-04 00:29:22', NULL),
(1393, 'MNMN063', 'CAOS ECHO HARUM ', 3, 9, 2792, 3500, 10000, '2022-10-05 00:29:22', NULL),
(1394, '8886007811076', 'SOSRO KOTAK', 3, 9, 5000, 6500, 10000, '2022-10-06 00:29:22', NULL),
(1395, 'MNMN064', 'BEAR BRAND KALENG 189ML', 3, 9, 9802, 11000, 10000, '2022-10-07 00:29:22', NULL),
(1396, '8994286130570', 'DANDANG KOTAK ', 3, 9, 6500, 7500, 10000, '2022-10-08 00:29:22', NULL),
(1397, 'MNMN065', 'NESCAFE KLASIK RTG ', 3, 9, 5500, 6500, 10000, '2022-10-09 00:29:22', NULL),
(1398, 'MNMN066', 'KOKO KRUNCH/MILO PACK ', 3, 9, 6844, 8500, 10000, '2022-10-10 00:29:22', NULL),
(1399, '8992696420557', 'NESCAFE 3 IN 1 ', 3, 9, 10750, 11500, 10000, '2022-10-11 00:29:22', NULL),
(1400, '8993371100146', 'JAHE WANGI RTG', 3, 9, 9000, 9500, 10000, '2022-10-12 00:29:22', NULL),
(1401, 'MNMN067', 'SARIMI BAKSO ', 3, 9, 13000, 13500, 10000, '2022-10-13 00:29:22', NULL),
(1402, '8992702000063', 'INDOMILK KALENG COKLAT', 3, 9, 10923, 12000, 10000, '2022-10-14 00:29:22', NULL),
(1403, 'MNMN068', 'INDOMILK KALENG VANILA', 3, 9, 7926, 10000, 10000, '2022-10-15 00:29:22', NULL),
(1404, '0089686552003', 'GOWEL COKLAT', 3, 9, 12251, 13000, 9998, '2022-10-16 00:29:22', NULL),
(1405, '089686552027', 'GOWEL TARO', 3, 9, 12251, 13000, 10000, '2022-10-17 00:29:22', NULL),
(1406, '8997035600324', 'POCARI 2 LITER', 3, 9, 18500, 21000, 10000, '2022-10-18 00:29:22', NULL),
(1407, 'MNMN069', 'TEH GELAS', 3, 9, 19500, 20500, 10000, '2022-10-19 00:29:22', NULL),
(1408, '8997035563414', 'POCARI TANGGUNG 600 ML', 3, 9, 6000, 7500, 10000, '2022-10-20 00:29:22', NULL),
(1409, 'MNMN070', 'LARUTAN BADAK B', 3, 9, 6000, 7000, 10000, '2022-10-21 00:29:22', NULL),
(1410, 'MNMN071', 'LARUTAN BADAK K', 3, 9, 3000, 3500, 10000, '2022-10-22 00:29:22', NULL),
(1411, 'MNMN072', 'MAXICORN 2000', 3, 9, 16141, 18000, 10000, '2022-10-23 00:29:22', NULL),
(1412, 'MNMN073', 'SEDOTAN', 3, 9, 1700, 2500, 10000, '2022-10-24 00:29:22', NULL),
(1413, 'MNMN074', 'VIT GELAS', 3, 9, 20000, 22000, 10000, '2022-10-25 00:29:22', NULL),
(1414, 'MNMN075', 'FLORIDINA', 3, 9, 28500, 30000, 10000, '2022-10-26 00:29:22', NULL),
(1415, 'MNMN076', 'SEDAP KOREAN POP MIE (G)', 3, 9, 4138, 5000, 10000, '2022-10-27 00:29:22', NULL),
(1416, 'MNMN077', 'SEDAP AYAM BAWANG POP MIE (G)', 3, 9, 4071, 4300, 10000, '2022-10-28 00:29:22', NULL),
(1417, 'MNMN078', 'LEMONIA PAK (COK,LEMON)', 3, 9, 8303, 9500, 10000, '2022-10-29 00:29:22', NULL),
(1418, 'MNMN079', 'COMPOUNDBOK 15000', 3, 9, 35000, 38000, 10000, '2022-10-30 00:29:22', NULL),
(1419, 'MNMN080', 'MAKARONI 1000', 3, 9, 800, 900, 10000, '2022-10-31 00:29:22', NULL),
(1420, 'MNMN081', '3200 AN', 3, 9, 3000, 3200, 10000, '2022-11-01 00:29:22', NULL),
(1421, 'MNMN082', '3500 AN', 3, 9, 3000, 3500, 10000, '2022-11-02 00:29:22', NULL),
(1422, 'MNMN083', 'CHIKUA SUNFSH 500GR', 3, 9, 26000, 29000, 10000, '2022-11-03 00:29:22', NULL),
(1423, '8997018250218', 'LUWAK WHITE KOFFIE', 3, 9, 10800, 11500, 10000, '2022-11-04 00:29:22', NULL),
(1424, '8998866803281', 'AMH JAHE MERAH', 3, 9, 8500, 9500, 10000, '2022-11-05 00:29:22', NULL),
(1425, '8991998110111', 'TOPLUS', 3, 9, 4125, 4500, 10000, '2022-11-06 00:29:22', NULL),
(1426, '8998866200219', 'CAFFINOLATTE MOCCA', 3, 9, 10280, 11000, 10000, '2022-11-07 00:29:22', NULL),
(1427, '8998866202626', 'SEGAR DINGIN', 3, 9, 8700, 9500, 10000, '2022-11-08 00:29:22', NULL),
(1428, '8991002101951', 'TOP GULA AREN', 3, 9, 11500, 12000, 10000, '2022-11-09 00:29:22', NULL),
(1429, '8991002135017', 'ABC GULA AREN ', 3, 9, 11189, 12000, 10000, '2022-11-10 00:29:22', NULL),
(1430, 'MNMN001', 'BONCABE LV 15 ECER 500', 3, 9, 8000, 8500, 10000, '2022-11-11 00:29:22', NULL),
(1431, 'MNMN084', 'SUSU KOTAK KECIL ALL VARIANT ', 3, 9, 2401, 2600, 10000, '2022-11-12 00:29:22', NULL),
(1432, 'MNMN085', 'KHQ GELAS', 3, 9, 21000, 23000, 10000, '2022-11-13 00:29:22', NULL),
(1433, '8994171101081', 'TAWAR CASSINO B ', 3, 9, 9000, 10000, 10000, '2022-11-14 00:29:22', NULL),
(1434, 'MNMN086', 'ISOPLUS', 3, 9, 28000, 30000, 10000, '2022-11-15 00:29:22', NULL),
(1435, '8996001440001', 'BENG-BENG DRINK ', 3, 9, 15813, 16500, 10000, '2022-11-16 00:29:22', NULL),
(1436, '8998666001306', 'TORABIKA SUSU JAHE', 3, 9, 11200, 12000, 10000, '2022-11-17 00:29:22', NULL),
(1437, '8992775000250', 'TORABIKA CREAMY LATTE', 3, 9, 12150, 13000, 10000, '2022-11-18 00:29:22', NULL),
(1438, 'MNMN087', 'CHCHOLATOS DRINK MATCHA', 3, 9, 15815, 16500, 10000, '2022-11-19 00:29:22', NULL),
(1439, 'MNMN088', 'FLORIDINA ORANGE', 3, 9, 28000, 30000, 10000, '2022-11-20 00:29:22', NULL),
(1440, 'MNMN089', 'TEH PUCUK 350 ML', 3, 9, 59000, 62000, 10000, '2022-11-21 00:29:22', NULL),
(1441, '8996001402023', 'CHO-CHO RICE CRISPY', 3, 9, 9800, 10500, 10000, '2022-11-22 00:29:22', NULL),
(1442, '8996001410042', 'TORA SUSU', 3, 9, 11000, 12000, 10000, '2022-11-23 00:29:22', NULL),
(1443, '8991002109148', 'TORA MOKA', 3, 9, 11000, 12000, 10000, '2022-11-24 00:29:22', NULL),
(1444, '8998866809689', 'FRESCO KOPI SUSU', 3, 9, 9250, 10000, 10000, '2022-11-25 00:29:22', NULL),
(1445, '8998866201001', 'TOP CAPPUCINO', 3, 9, 13750, 14500, 10000, '2022-11-26 00:29:22', NULL),
(1446, '8998666002549', 'TOP COFFE KOPI SUSU', 3, 9, 9250, 10000, 10000, '2022-11-27 00:29:22', NULL),
(1447, '8998666002525', 'TORA CAFFE MILKY LATTE', 3, 9, 10369, 11500, 10000, '2022-11-28 00:29:22', NULL),
(1449, '8998666001900', 'ENTRASOL VANILLA', 3, 9, 24198, 26000, 10000, '2022-11-30 00:29:22', NULL),
(1450, '8998666001924', 'TORA CAFFE CARAMEL LATTE', 3, 9, 10369, 11500, 10000, '2022-12-01 00:29:22', NULL),
(1452, '8992753761302', 'ENTRASOL COKLAT ', 3, 9, 24198, 26000, 10000, '2022-12-03 00:29:22', NULL),
(1453, '8992753721047', 'KOMPLETA COKLAT RTG', 3, 9, 22000, 23000, 10000, '2022-12-04 00:29:22', NULL),
(1455, 'MNMN090', 'SPRITE IMUT 250 ML', 3, 9, 31500, 33000, 10000, '2022-12-06 00:29:22', NULL),
(1456, 'MNMN091', 'FANTA SODA IMUT 250 ML', 3, 9, 31500, 33000, 10000, '2022-12-07 00:29:22', NULL),
(1457, 'MNMN092', 'FANTA MERZH IMUT 250 ML', 3, 9, 31500, 33000, 10000, '2022-12-08 00:29:22', NULL),
(1458, 'MNMN093', 'SPRITE 390 ML', 3, 9, 48000, 51000, 10000, '2022-12-09 00:29:22', NULL),
(1459, 'MNMN094', 'FANTA 390 ML', 3, 9, 48000, 51000, 10000, '2022-12-10 00:29:22', NULL),
(1460, 'MNMN095', 'SIIPLAH SARI APEL', 3, 9, 25000, 27000, 10000, '2022-12-11 00:29:22', NULL),
(1461, 'MNMN096', 'KHQ GELAS KECIL', 3, 9, 18500, 20000, 10000, '2022-12-12 00:29:22', NULL),
(1462, 'MNMN097', 'BUYA GELAS', 3, 9, 17500, 19000, 10000, '2022-12-13 00:29:22', NULL),
(1463, 'MNMN098', 'CLEO GELAS', 3, 9, 21000, 23000, 10000, '2022-12-14 00:29:22', NULL),
(1464, '8998888110213', 'SIRUP MARJAN MELON', 3, 9, 17900, 20000, 10000, '2022-12-15 00:29:22', NULL),
(1465, '8998888110114', 'SIRUP MARJAN COCPANDAN ', 3, 9, 17900, 20000, 10000, '2022-12-16 00:29:22', NULL),
(1466, 'MNMN099', 'SIRUP AGUNG', 3, 9, 20000, 21000, 10000, '2022-12-17 00:29:22', NULL),
(1467, 'MNMN100', 'BOLU CUPLIK 5000', 3, 9, 4250, 5000, 10000, '2022-12-18 00:29:22', NULL),
(1468, 'ATK01', 'PLASTIK 1/4', 4, 5, 1300, 1500, 10000, '2022-06-14 00:29:22', NULL),
(1469, 'ATK02', 'PLASTIK 1/2', 4, 5, 1860, 2500, 10000, '2022-06-15 00:29:22', NULL),
(1470, 'ATK03', 'PLASTIK 8 ONS', 4, 5, 2700, 3000, 10000, '2022-06-16 00:29:22', NULL),
(1471, 'ATK04', 'PLASTIK 1 KG', 4, 5, 3000, 3500, 10000, '2022-06-17 00:29:22', NULL),
(1472, 'ATK05', 'PLASTIK 1/4', 4, 5, 1300, 7000, 10000, '2022-06-18 00:29:22', NULL),
(1473, 'ATK06', 'PLASTIK 1/2', 4, 5, 1860, 12000, 10000, '2022-06-19 00:29:22', NULL),
(1474, 'ATK07', 'PLASTIK 8 ONS', 4, 5, 2700, 15000, 10000, '2022-06-20 00:29:22', NULL),
(1475, 'ATK08', 'MESES SATE', 4, 5, 14500, 15500, 10000, '2022-06-21 00:29:22', NULL),
(1476, 'ATK09', 'FRUTIMON BOK JAM TANGAN', 4, 10, 17000, 18000, 10000, '2022-06-22 00:29:22', NULL),
(1477, 'X0111111', 'KHQ', 3, 7, 80000, 10000, 2, '2023-06-19 09:54:13', NULL),
(1478, 'BC10222', 'Tango Kaleng', 2, 7, 30000, 40000, 300, '2023-07-27 11:39:12', NULL),
(1479, 'BX123455', 'Permen', 2, 8, 1000, 3000, 199, '2023-08-07 10:49:19', NULL),
(1480, 'BX123455DDDD', 'Tango Kaleng 2', 2, 8, 12000, 15000, 5, '2023-09-03 12:41:11', '2023-09-03 07:43:28');

-- --------------------------------------------------------

--
-- Struktur dari tabel `p_unit`
--

CREATE TABLE `p_unit` (
  `unit_id` int(11) NOT NULL,
  `name` varchar(100) NOT NULL,
  `created` datetime NOT NULL DEFAULT current_timestamp(),
  `updated` datetime DEFAULT NULL
) ENGINE=InnoDB DEFAULT CHARSET=utf8mb4;

--
-- Dumping data untuk tabel `p_unit`
--

INSERT INTO `p_unit` (`unit_id`, `name`, `created`, `updated`) VALUES
(2, 'Kilogram', '2020-07-10 23:42:52', NULL),
(4, 'Buah', '2020-07-13 00:57:31', NULL),
(5, 'Pack', '2020-07-13 00:57:44', NULL),
(6, 'Lusin', '2020-07-13 00:57:53', NULL),
(7, 'Karton', '2020-07-13 11:51:05', NULL),
(8, 'PCS', '2023-06-04 19:24:19', NULL),
(9, 'Renteng', '2023-06-04 19:24:29', NULL),
(10, 'iket', '2023-06-04 19:24:42', NULL);

-- --------------------------------------------------------

--
-- Struktur dari tabel `supplier`
--

CREATE TABLE `supplier` (
  `supplier_id` int(11) NOT NULL,
  `name` varchar(100) NOT NULL,
  `phone` varchar(16) NOT NULL,
  `address` varchar(100) NOT NULL,
  `desc` text DEFAULT NULL,
  `created` datetime NOT NULL DEFAULT current_timestamp(),
  `updated` datetime DEFAULT NULL
) ENGINE=InnoDB DEFAULT CHARSET=utf8mb4;

--
-- Dumping data untuk tabel `supplier`
--

INSERT INTO `supplier` (`supplier_id`, `name`, `phone`, `address`, `desc`, `created`, `updated`) VALUES
(1, 'Anugrah Jaya', '0821222112', 'Semarang', 'Agen Toko Makanan', '2020-07-10 15:02:28', NULL),
(2, 'Toko ABC', '089271212', 'Klaten', 'Toko Kelontong', '2020-07-10 15:02:28', '2020-07-10 13:41:32'),
(7, 'Haus!', '0821342142', 'Sawangan, Depok', 'Toko Minuman', '2020-07-15 21:52:07', NULL),
(9, 'Toko Cak Lun', '08921212', 'Semarang', 'Toko Daging', '2020-07-15 21:53:00', NULL),
(10, 'Toko C', '0821132323', 'Kalimanuk', '', '2020-07-16 01:10:59', NULL),
(11, 'James', '1212121', 'Depok', 'Tukang Kopi', '2020-07-16 01:11:17', NULL);

-- --------------------------------------------------------

--
-- Struktur dari tabel `t_cart`
--

CREATE TABLE `t_cart` (
  `cart_id` int(11) NOT NULL,
  `item_id` int(11) NOT NULL,
  `price` int(11) NOT NULL,
  `qty` int(11) NOT NULL,
  `discount_item` int(11) NOT NULL,
  `total` int(11) NOT NULL,
  `tot_price_a` int(11) DEFAULT NULL,
  `user_id` int(11) NOT NULL
) ENGINE=InnoDB DEFAULT CHARSET=utf8mb4;

-- --------------------------------------------------------

--
-- Struktur dari tabel `t_sale`
--

CREATE TABLE `t_sale` (
  `sale_id` int(11) NOT NULL,
  `invoice` varchar(50) NOT NULL,
  `customer_id` int(11) DEFAULT NULL,
  `total_price` int(11) NOT NULL,
  `tot_price_a` int(11) DEFAULT NULL,
  `discount` int(11) NOT NULL,
  `final_price` int(11) NOT NULL,
  `cash` int(11) NOT NULL,
  `uang_kembalian` int(11) NOT NULL,
  `note` text NOT NULL,
  `date` date NOT NULL,
  `user_id` int(11) NOT NULL,
  `created` datetime NOT NULL DEFAULT current_timestamp()
) ENGINE=InnoDB DEFAULT CHARSET=utf8mb4;

--
-- Dumping data untuk tabel `t_sale`
--

INSERT INTO `t_sale` (`sale_id`, `invoice`, `customer_id`, `total_price`, `tot_price_a`, `discount`, `final_price`, `cash`, `uang_kembalian`, `note`, `date`, `user_id`, `created`) VALUES
(2, 'MP2007190001', NULL, 20000, NULL, 0, 20000, 25000, 5000, 'sam sama', '2020-07-19', 1, '2020-07-19 21:06:14'),
(3, 'MP2007190002', NULL, 20000, NULL, 0, 20000, 50000, 30000, 'iya sama sama', '2020-07-19', 1, '2020-07-19 23:13:45'),
(4, 'MP2007190003', NULL, 40000, NULL, 2000, 38000, 50000, 12000, 'sampai jumpa', '2020-07-19', 1, '2020-07-19 23:14:50'),
(5, 'MP2007190004', NULL, 40000, NULL, 2000, 38000, 50000, 12000, 'sama sama', '2020-07-19', 1, '2020-07-19 23:16:28'),
(6, 'MP2007190005', NULL, 40000, NULL, 2000, 38000, 50000, 12000, 'sama sama', '2020-07-19', 1, '2020-07-19 23:17:01'),
(7, 'MP2007190006', NULL, 20000, NULL, 5000, 15000, 15000, 0, 'terima kasih', '2020-07-19', 1, '2020-07-19 23:19:19'),
(8, 'MP2007190007', NULL, 120000, NULL, 0, 120000, 150000, 30000, 'sdasdas', '2020-07-19', 1, '2020-07-19 23:20:28'),
(9, 'MP2007200001', NULL, 40000, NULL, 5000, 35000, 50000, 15000, 'terimakasih', '2020-07-20', 1, '2020-07-20 10:01:07'),
(10, 'MP2007200002', NULL, 40000, NULL, 5000, 35000, 50000, 15000, 'terimakasih', '2020-07-20', 1, '2020-07-20 10:01:24'),
(11, 'MP2007200003', NULL, 10000, NULL, 500, 9500, 20000, 10500, 'sama sama', '2020-07-20', 1, '2020-07-20 10:02:46'),
(12, 'MP2007200004', NULL, 10000, NULL, 500, 9500, 20000, 10500, 'sama sama', '2020-07-20', 1, '2020-07-20 10:03:14'),
(13, 'MP2007200005', NULL, 10000, NULL, 500, 9500, 10000, 500, 'sama sama', '2020-07-20', 1, '2020-07-20 10:03:50'),
(14, 'MP2007200006', NULL, 10000, NULL, 500, 9500, 10000, 500, 'sama sama', '2020-07-20', 1, '2020-07-20 10:03:56'),
(15, 'MP2007230001', NULL, 10000, NULL, 2000, 8000, 12000, 4000, 'okee', '2020-07-23', 1, '2020-07-23 21:30:08'),
(16, 'MP2007230002', NULL, 10000, NULL, 2000, 8000, 12000, 4000, 'okee', '2020-07-23', 1, '2020-07-23 21:30:15'),
(17, 'MP2007230003', NULL, 12000, NULL, 2500, 9500, 10000, 500, '', '2020-07-23', 1, '2020-07-23 21:31:00'),
(18, 'MP2302240001', NULL, 260000, NULL, 0, 260000, 400000, 140000, '', '2023-02-24', 1, '2023-02-25 04:57:25'),
(19, 'MP2302250001', NULL, 510000, NULL, 0, 510000, 550000, 40000, 'x', '2023-02-25', 2, '2023-02-25 10:39:50'),
(20, 'MP2302250002', NULL, 10000, NULL, 0, 10000, 12000, 2000, '', '2023-02-25', 2, '2023-02-25 10:50:25'),
(21, 'MP2303090001', NULL, 1000000, NULL, 0, 1000000, 2000000, 1000000, '', '2023-03-09', 1, '2023-03-09 20:50:43'),
(22, 'MP2303110001', NULL, 2030000, NULL, 0, 2030000, 4000000, 1970000, '', '2023-03-11', 1, '2023-03-12 02:36:51'),
(23, 'MP2303110001', NULL, 2030000, NULL, 0, 2030000, 4000000, 1970000, '', '2023-03-11', 1, '2023-03-12 02:38:35'),
(24, 'MP2303120001', NULL, 231000, NULL, 0, 231000, 250000, 19000, '', '2023-03-12', 1, '2023-03-12 13:18:25'),
(25, 'MP2303120002', NULL, 163000, NULL, 0, 163000, 165000, 2000, '', '2023-03-12', 1, '2023-03-12 13:20:23'),
(26, 'MP2303120003', NULL, 163000, NULL, 0, 163000, 165000, 2000, '', '2023-03-12', 1, '2023-03-12 13:20:40'),
(27, 'MP2303120004', NULL, 163000, NULL, 0, 163000, 165000, 2000, '', '2023-03-12', 1, '2023-03-12 13:21:48'),
(28, 'MP2303120005', NULL, 163000, NULL, 0, 163000, 165000, 2000, '', '2023-03-12', 1, '2023-03-12 13:23:20'),
(29, 'MP2303120006', NULL, 163000, NULL, 0, 163000, 165000, 2000, '', '2023-03-12', 1, '2023-03-12 13:23:39'),
(30, 'MP2303120007', NULL, 163000, NULL, 0, 163000, 165000, 2000, '', '2023-03-12', 1, '2023-03-12 13:24:38'),
(31, 'MP2303120008', NULL, 163000, NULL, 0, 163000, 165000, 2000, '', '2023-03-12', 1, '2023-03-12 13:24:52'),
(32, 'MP2303120009', NULL, 163000, NULL, 0, 163000, 165000, 2000, '', '2023-03-12', 1, '2023-03-12 13:26:12'),
(33, 'MP2303120010', NULL, 163000, NULL, 0, 163000, 165000, 2000, '', '2023-03-12', 1, '2023-03-12 13:31:07'),
(34, 'MP2303120011', NULL, 163000, NULL, 0, 163000, 165000, 2000, '', '2023-03-12', 1, '2023-03-12 13:32:00'),
(35, 'MP2303120012', NULL, 250000, NULL, 0, 250000, 300000, 50000, '', '2023-03-12', 1, '2023-03-12 13:35:10'),
(36, 'MP2303120013', NULL, 48000, NULL, 0, 48000, 50000, 2000, '', '2023-03-12', 1, '2023-03-12 13:38:15'),
(37, 'MP2303120001', NULL, 510000, NULL, 0, 510000, 600000, 90000, '', '2023-03-12', 1, '2023-03-13 01:22:53'),
(38, 'MP2303130001', NULL, 2475000, NULL, 0, 2475000, 2475000, 0, '', '2023-03-13', 1, '2023-03-13 17:38:59'),
(39, 'MP2303150001', NULL, 288000, NULL, 0, 288000, 300000, 12000, '', '2023-03-15', 1, '2023-03-15 12:17:41'),
(40, 'MP2303150002', NULL, 778000, NULL, 0, 778000, 800000, 22000, '', '2023-03-15', 1, '2023-03-15 12:36:14'),
(41, 'MP2303150003', NULL, 10000, NULL, 0, 10000, 10000, 0, '10000', '2023-03-15', 1, '2023-03-15 13:49:22'),
(42, 'MP2303150004', NULL, 534000, NULL, 0, 534000, 550000, 16000, '', '2023-03-15', 1, '2023-03-15 14:31:24'),
(43, 'MP2303210001', NULL, 162000, 100000, 0, 162000, 162000, 0, '', '2023-03-21', 1, '2023-03-22 01:36:41'),
(44, 'MP2303220001', NULL, 90000, NULL, 0, 90000, 90000, 0, '', '2023-03-22', 1, '2023-03-22 12:20:35'),
(45, 'MP2303220002', NULL, 90000, 40000, 0, 90000, 90000, 0, '', '2023-03-22', 1, '2023-03-22 12:20:51'),
(46, 'MP2303220003', NULL, 90000, NULL, 0, 90000, 90000, 0, '', '2023-03-22', 1, '2023-03-22 12:22:26'),
(47, 'MP2303220004', NULL, 90000, 3000, 0, 90000, 90000, 0, '', '2023-03-22', 1, '2023-03-22 12:22:48'),
(48, 'MP2303220005', NULL, 24000, 20000, 0, 24000, 24000, 0, '', '2023-03-22', 1, '2023-03-22 12:43:26'),
(49, 'MP2306040001', NULL, 42000, 33650, 0, 42000, 50000, 8000, '', '2023-06-04', 1, '2023-06-04 19:39:12'),
(50, 'MP2306190001', NULL, 17300, 16170, 0, 17300, 20000, 2700, '', '2023-06-19', 1, '2023-06-19 09:51:00'),
(51, 'MP2307270001', NULL, 8000000, 6000000, 0, 8000000, 8000000, 0, '', '2023-07-27', 2, '2023-07-27 11:42:00'),
(52, 'MP2308010001', NULL, 17200, 15676, 0, 17200, 20000, 2800, '', '2023-08-01', 2, '2023-08-01 20:12:42'),
(53, 'MP2308010002', NULL, 17200, 15676, 0, 17200, 20000, 2800, '', '2023-08-01', 2, '2023-08-01 20:19:44'),
(54, 'MP2308070001', NULL, 17300, 16170, 0, 17300, 30000, 12700, '', '2023-08-07', 2, '2023-08-07 10:22:33'),
(55, 'MP2308070002', NULL, 9000, 1000, 0, 9000, 10000, 1000, '', '2023-08-07', 2, '2023-08-07 10:52:35'),
(56, 'MP2308070006', NULL, 12000, 10800, 0, 12000, 12000, 0, '', '2023-08-07', 2, '2023-08-07 10:52:35'),
(57, 'MP2308070007', NULL, 8000, 7200, 0, 8000, 8000, 0, '', '2023-08-07', 2, '2023-08-07 10:22:33'),
(58, 'MP2308070008', NULL, 7500, 3750, 0, 7500, 7500, 0, '', '2023-08-07', 2, '2023-08-07 09:52:30'),
(59, 'MP2308070009', NULL, 4300, 4000, 0, 4300, 5000, 200, '', '2023-08-07', 2, '2023-08-07 09:22:28'),
(60, 'MP2308070010', NULL, 12000, 10800, 0, 12000, 12000, 0, '', '2023-08-07', 2, '2023-08-07 08:52:26'),
(61, 'MP2308070011', NULL, 8000, 7200, 0, 8000, 8000, 0, '', '2023-08-07', 2, '2023-08-07 08:22:24'),
(62, 'MP2308070012', NULL, 7500, 3750, 0, 7500, 7500, 0, '', '2023-08-07', 2, '2023-08-07 07:52:22'),
(63, 'MP2308070013', NULL, 4300, 4000, 0, 4300, 5000, 200, '', '2023-08-07', 2, '2023-08-07 07:22:20'),
(64, 'MP2308070014', NULL, 12000, 10800, 0, 12000, 12000, 0, '', '2023-08-07', 2, '2023-08-07 06:52:18'),
(65, 'MP2308070015', NULL, 8000, 7200, 0, 8000, 8000, 0, '', '2023-08-07', 2, '2023-08-07 06:22:16'),
(66, 'MP2308070016', NULL, 7500, 3750, 0, 7500, 7500, 0, '', '2023-08-07', 2, '2023-08-07 05:52:14'),
(67, 'MP2308070017', NULL, 4300, 4000, 0, 4300, 5000, 200, '', '2023-08-07', 2, '2023-08-07 05:22:12'),
(68, 'MP2308070018', NULL, 12000, 10800, 0, 12000, 12000, 0, '', '2023-08-07', 2, '2023-08-07 04:52:10'),
(69, 'MP2308070019', NULL, 8000, 7200, 0, 8000, 8000, 0, '', '2023-08-07', 2, '2023-08-07 04:22:08'),
(70, 'MP2308070020', NULL, 7500, 3750, 0, 7500, 7500, 0, '', '2023-08-07', 2, '2023-08-07 03:52:06'),
(71, 'MP2308070021', NULL, 4300, 4000, 0, 4300, 5000, 200, '', '2023-08-07', 2, '2023-08-07 03:22:04'),
(72, 'MP2308070022', NULL, 12000, 10800, 0, 12000, 12000, 0, '', '2023-08-07', 2, '2023-08-07 02:52:02'),
(73, 'MP2308070023', NULL, 8000, 7200, 0, 8000, 8000, 0, '', '2023-08-07', 2, '2023-08-07 02:22:00'),
(74, 'MP2308070024', NULL, 7500, 3750, 0, 7500, 7500, 0, '', '2023-08-07', 2, '2023-08-07 01:51:58'),
(75, 'MP2308070025', NULL, 4300, 4000, 0, 4300, 5000, 200, '', '2023-08-07', 2, '2023-08-07 01:21:56'),
(76, 'MP2308090001', NULL, 12000, 10800, 0, 12000, 12000, 0, '', '2023-08-09', 2, '2023-08-09 02:52:03'),
(77, 'MP2308090002', NULL, 8000, 7200, 0, 8000, 8000, 0, '', '2023-08-09', 2, '2023-08-09 02:22:01'),
(78, 'MP2308090003', NULL, 7500, 3750, 0, 7500, 7500, 0, '', '2023-08-09', 2, '2023-08-09 01:51:59'),
(79, 'MP2308090004', NULL, 4300, 4000, 0, 4300, 5000, 200, '', '2023-08-09', 2, '2023-08-09 01:21:57'),
(80, 'MP2308090005', NULL, 12000, 10800, 0, 12000, 12000, 0, '', '2023-08-09', 2, '2023-08-09 00:51:54'),
(81, 'MP2308090006', NULL, 8000, 7200, 0, 8000, 8000, 0, '', '2023-08-09', 2, '2023-08-09 00:21:52'),
(82, 'MP2308090007', NULL, 7500, 3750, 0, 7500, 7500, 0, '', '2023-08-09', 2, '2023-08-08 23:51:50'),
(83, 'MP2308090008', NULL, 4300, 4000, 0, 4300, 5000, 200, '', '2023-08-09', 2, '2023-08-08 23:21:48'),
(84, 'MP2308090009', NULL, 12000, 10800, 0, 12000, 12000, 0, '', '2023-08-09', 2, '2023-08-08 22:51:46'),
(85, 'MP2308090010', NULL, 8000, 7200, 0, 8000, 8000, 0, '', '2023-08-09', 2, '2023-08-08 22:21:44'),
(86, 'MP2308090011', NULL, 7500, 3750, 0, 7500, 7500, 0, '', '2023-08-09', 2, '2023-08-08 21:51:42'),
(87, 'MP2308090012', NULL, 4300, 4000, 0, 4300, 5000, 200, '', '2023-08-09', 2, '2023-08-08 21:21:40'),
(88, 'MP2308090013', NULL, 12000, 10800, 0, 12000, 12000, 0, '', '2023-08-09', 2, '2023-08-08 20:51:38'),
(89, 'MP2308090014', NULL, 8000, 7200, 0, 8000, 8000, 0, '', '2023-08-09', 2, '2023-08-08 20:21:36'),
(90, 'MP2308090015', NULL, 7500, 3750, 0, 7500, 7500, 0, '', '2023-08-09', 2, '2023-08-08 19:51:34'),
(91, 'MP2308090016', NULL, 4300, 4000, 0, 4300, 5000, 200, '', '2023-08-09', 2, '2023-08-08 19:21:32'),
(92, 'MP2308090017', NULL, 12000, 10800, 0, 12000, 12000, 0, '', '2023-08-09', 2, '2023-08-08 18:51:30'),
(93, 'MP2308090018', NULL, 8000, 7200, 0, 8000, 8000, 0, '', '2023-08-09', 2, '2023-08-08 18:21:28'),
(94, 'MP2308090019', NULL, 7500, 3750, 0, 7500, 7500, 0, '', '2023-08-09', 2, '2023-08-08 17:51:26'),
(95, 'MP2308090020', NULL, 4300, 4000, 0, 4300, 5000, 200, '', '2023-08-09', 2, '2023-08-08 17:21:24'),
(96, 'MP2308090021', NULL, 12000, 10800, 0, 12000, 12000, 0, '', '2023-08-09', 2, '2023-08-08 16:51:22'),
(97, 'MP2308090022', NULL, 8000, 7200, 0, 8000, 8000, 0, '', '2023-08-09', 2, '2023-08-08 16:21:20'),
(98, 'MP2308090023', NULL, 7500, 3750, 0, 7500, 7500, 0, '', '2023-08-09', 2, '2023-08-08 15:51:18'),
(99, 'MP2308090024', NULL, 4300, 4000, 0, 4300, 5000, 200, '', '2023-08-09', 2, '2023-08-08 15:21:16'),
(100, 'MP2308090025', NULL, 12000, 10800, 0, 12000, 12000, 0, '', '2023-08-09', 2, '2023-08-08 14:51:14'),
(101, 'MP2308090026', NULL, 8000, 7200, 0, 8000, 8000, 0, '', '2023-08-09', 2, '2023-08-08 14:21:12'),
(102, 'MP2308090027', NULL, 7500, 3750, 0, 7500, 7500, 0, '', '2023-08-09', 2, '2023-08-08 13:51:10'),
(103, 'MP2308090028', NULL, 4300, 4000, 0, 4300, 5000, 200, '', '2023-08-09', 2, '2023-08-08 13:21:08'),
(104, 'MP2308090029', NULL, 12000, 10800, 0, 12000, 12000, 0, '', '2023-08-09', 2, '2023-08-08 12:51:06'),
(105, 'MP2308090030', NULL, 8000, 7200, 0, 8000, 8000, 0, '', '2023-08-09', 2, '2023-08-08 12:21:04'),
(106, 'MP2308090031', NULL, 7500, 3750, 0, 7500, 7500, 0, '', '2023-08-09', 2, '2023-08-08 11:51:02'),
(107, 'MP2308090032', NULL, 4300, 4000, 0, 4300, 5000, 200, '', '2023-08-09', 2, '2023-08-08 11:21:00'),
(108, 'MP2308090033', NULL, 12000, 10800, 0, 12000, 12000, 0, '', '2023-08-09', 2, '2023-08-08 10:50:58'),
(109, 'MP2308090034', NULL, 8000, 7200, 0, 8000, 8000, 0, '', '2023-08-09', 2, '2023-08-08 10:20:56'),
(110, 'MP2309030001', NULL, 180000, 144000, 0, 180000, 180000, 0, '', '2023-09-03', 2, '2023-09-03 12:55:39'),
(111, 'MP2309030002', NULL, 45000, 36000, 0, 45000, 50000, 5000, '', '2023-09-03', 2, '2023-09-03 12:56:10');

-- --------------------------------------------------------

--
-- Struktur dari tabel `t_sale_detail`
--

CREATE TABLE `t_sale_detail` (
  `id_detail` int(11) NOT NULL,
  `sale_id` int(11) NOT NULL,
  `item_id` int(11) NOT NULL,
  `price` int(11) NOT NULL,
  `qty` int(11) NOT NULL,
  `discount_item` int(11) NOT NULL,
  `total` int(11) NOT NULL,
  `tot_price_a` int(11) DEFAULT NULL
) ENGINE=InnoDB DEFAULT CHARSET=utf8mb4;

--
-- Dumping data untuk tabel `t_sale_detail`
--

INSERT INTO `t_sale_detail` (`id_detail`, `sale_id`, `item_id`, `price`, `qty`, `discount_item`, `total`, `tot_price_a`) VALUES
(1, 34, 13, 10000, 4, 0, 40000, NULL),
(2, 34, 28, 25000, 5, 0, 123000, NULL),
(3, 35, 28, 25000, 10, 0, 250000, NULL),
(4, 36, 13, 10000, 5, 0, 48000, NULL),
(5, 37, 13, 10000, 1, 0, 10000, NULL),
(6, 37, 20, 500000, 1, 0, 500000, NULL),
(7, 38, 28, 25000, 19, 0, 475000, NULL),
(8, 38, 21, 500000, 2, 0, 1000000, NULL),
(9, 38, 23, 250000, 4, 0, 1000000, NULL),
(10, 39, 25, 24000, 12, 0, 288000, NULL),
(11, 40, 25, 24000, 22, 0, 528000, NULL),
(12, 40, 23, 250000, 1, 0, 250000, NULL),
(13, 41, 13, 10000, 1, 0, 10000, NULL),
(14, 42, 13, 10000, 1, 0, 10000, NULL),
(15, 42, 25, 24000, 1, 0, 24000, NULL),
(16, 42, 20, 500000, 1, 0, 500000, NULL),
(17, 43, 26, 45000, 2, 0, 90000, NULL),
(18, 43, 25, 24000, 3, 0, 72000, NULL),
(19, 44, 26, 45000, 2, 0, 90000, 40000),
(20, 48, 25, 24000, 1, 0, 24000, 20000),
(21, 49, 1197, 7500, 1, 0, 7500, 3750),
(22, 49, 1241, 34500, 1, 0, 34500, 29900),
(23, 50, 1404, 13000, 1, 0, 13000, 12251),
(24, 50, 792, 4300, 1, 0, 4300, 3919),
(25, 51, 1478, 40000, 200, 0, 8000000, 6000000),
(26, 52, 792, 4300, 4, 0, 17200, 15676),
(27, 53, 800, 4300, 1, 0, 4300, 3919),
(28, 53, 792, 4300, 3, 0, 12900, 11757),
(29, 54, 1404, 13000, 1, 0, 13000, 12251),
(30, 54, 792, 4300, 1, 0, 4300, 3919),
(31, 55, 1479, 3000, 3, 0, 9000, 1000),
(32, 56, 1321, 12000, 1, 0, 12000, 10800),
(33, 57, 1300, 8000, 1, 0, 8000, 7200),
(34, 58, 1197, 7500, 1, 0, 7500, 3750),
(35, 59, 1100, 4300, 1, 0, 4300, 4000),
(36, 60, 1321, 12000, 1, 0, 12000, 10800),
(37, 61, 1300, 8000, 1, 0, 8000, 7200),
(38, 62, 1197, 7500, 1, 0, 7500, 3750),
(39, 63, 1100, 4300, 1, 0, 4300, 4000),
(40, 64, 1321, 12000, 1, 0, 12000, 10800),
(41, 65, 1300, 8000, 1, 0, 8000, 7200),
(42, 66, 1197, 7500, 1, 0, 7500, 3750),
(43, 67, 1100, 4300, 1, 0, 4300, 4000),
(44, 68, 1321, 12000, 1, 0, 12000, 10800),
(45, 69, 1300, 8000, 1, 0, 8000, 7200),
(46, 70, 1197, 7500, 1, 0, 7500, 3750),
(47, 71, 1100, 4300, 1, 0, 4300, 4000),
(48, 72, 1321, 12000, 1, 0, 12000, 10800),
(49, 73, 1300, 8000, 1, 0, 8000, 7200),
(50, 74, 1197, 7500, 1, 0, 7500, 3750),
(51, 75, 1100, 4300, 1, 0, 4300, 4000),
(52, 76, 1321, 12000, 1, 0, 12000, 10800),
(53, 77, 1300, 8000, 1, 0, 8000, 7200),
(54, 78, 1197, 7500, 1, 0, 7500, 3750),
(55, 79, 1100, 4300, 1, 0, 4300, 4000),
(56, 80, 1321, 12000, 1, 0, 12000, 10800),
(57, 81, 1300, 8000, 1, 0, 8000, 7200),
(58, 82, 1197, 7500, 1, 0, 7500, 3750),
(59, 83, 1100, 4300, 1, 0, 4300, 4000),
(60, 84, 1321, 12000, 1, 0, 12000, 10800),
(61, 85, 1300, 8000, 1, 0, 8000, 7200),
(62, 86, 1197, 7500, 1, 0, 7500, 3750),
(63, 87, 1100, 4300, 1, 0, 4300, 4000),
(64, 88, 1321, 12000, 1, 0, 12000, 10800),
(65, 89, 1300, 8000, 1, 0, 8000, 7200),
(66, 90, 1197, 7500, 1, 0, 7500, 3750),
(67, 91, 1100, 4300, 1, 0, 4300, 4000),
(68, 92, 1321, 12000, 1, 0, 12000, 10800),
(69, 93, 1300, 8000, 1, 0, 8000, 7200),
(70, 94, 1197, 7500, 1, 0, 7500, 3750),
(71, 95, 1100, 4300, 1, 0, 4300, 4000),
(72, 96, 1321, 12000, 1, 0, 12000, 10800),
(73, 97, 1300, 8000, 1, 0, 8000, 7200),
(74, 98, 1197, 7500, 1, 0, 7500, 3750),
(75, 99, 1100, 4300, 1, 0, 4300, 4000),
(76, 100, 1321, 12000, 1, 0, 12000, 10800),
(77, 101, 1300, 8000, 1, 0, 8000, 7200),
(78, 102, 1197, 7500, 1, 0, 7500, 3750),
(79, 103, 1100, 4300, 1, 0, 4300, 4000),
(80, 104, 1321, 12000, 1, 0, 12000, 10800),
(81, 105, 1300, 8000, 1, 0, 8000, 7200),
(82, 106, 1197, 7500, 1, 0, 7500, 3750),
(83, 107, 1100, 4300, 1, 0, 4300, 4000),
(84, 108, 1321, 12000, 1, 0, 12000, 10800),
(85, 109, 1300, 8000, 1, 0, 8000, 7200),
(86, 110, 1480, 15000, 12, 0, 180000, 144000),
(87, 111, 1480, 15000, 3, 0, 45000, 36000);

-- --------------------------------------------------------

--
-- Struktur dari tabel `t_stock`
--

CREATE TABLE `t_stock` (
  `stock_id` int(11) NOT NULL,
  `item_id` int(11) NOT NULL,
  `type` enum('in','out') NOT NULL,
  `detail` varchar(200) NOT NULL,
  `supplier_id` int(11) DEFAULT NULL,
  `qty` int(10) NOT NULL,
  `ket_stok` text DEFAULT NULL,
  `date` date NOT NULL,
  `created` datetime NOT NULL DEFAULT current_timestamp(),
  `user_id` int(11) NOT NULL,
  `status_stock` enum('minta','proses','diterima','ditolak') DEFAULT NULL
) ENGINE=InnoDB DEFAULT CHARSET=utf8mb4;

--
-- Dumping data untuk tabel `t_stock`
--

INSERT INTO `t_stock` (`stock_id`, `item_id`, `type`, `detail`, `supplier_id`, `qty`, `ket_stok`, `date`, `created`, `user_id`, `status_stock`) VALUES
(1, 13, 'in', 'Lusinan', 1, 15, NULL, '2020-07-15', '2020-07-15 10:59:59', 1, 'diterima'),
(3, 16, 'in', 'Sekarung', 1, 12, NULL, '2020-07-15', '2020-07-15 13:11:37', 1, 'diterima'),
(4, 15, 'in', 'Sepasang', 1, 23, NULL, '2020-07-15', '2020-07-15 13:16:40', 1, 'diterima'),
(6, 14, 'in', 'Daging sapi kiloan', 1, 34, NULL, '2020-07-15', '2020-07-15 21:53:37', 1, 'diterima'),
(10, 20, 'in', '10 Kardus', 7, 23, NULL, '2020-07-15', '2020-07-16 00:09:58', 1, 'diterima'),
(14, 15, 'out', 'hilang', 1, 3, NULL, '2020-07-15', '2020-07-16 00:50:27', 1, 'diterima'),
(15, 14, 'out', 'hilang', 1, 4, NULL, '2020-07-15', '2020-07-16 00:50:55', 1, 'diterima'),
(16, 22, 'in', '1 Kontainer', 1, 100, NULL, '2020-07-15', '2020-07-16 00:53:09', 1, 'diterima'),
(17, 22, 'out', 'Rusak', 1, 25, NULL, '2020-07-15', '2020-07-16 00:53:44', 1, 'diterima'),
(19, 22, 'in', 'Borongan', 7, 60, NULL, '2020-07-15', '2020-07-16 00:58:26', 1, 'diterima'),
(20, 24, 'in', 'Permen', 1, 20, NULL, '2020-07-20', '2020-07-20 11:00:24', 2, 'diterima'),
(21, 24, 'in', 'Sekarung', 1, 15, NULL, '2020-07-20', '2020-07-20 11:48:44', 2, 'diterima'),
(22, 24, 'in', 'Borongan', 1, 12, NULL, '2020-07-20', '2020-07-20 14:27:23', 2, 'diterima'),
(23, 24, 'in', '', 1, 2, NULL, '2020-07-20', '2020-07-20 14:37:31', 2, 'diterima'),
(24, 23, 'in', '10 Kardus', 11, 12, NULL, '2020-07-20', '2020-07-20 14:38:36', 2, 'diterima'),
(25, 25, 'in', 'musang king o', 9, 12, NULL, '2023-03-10', '2023-03-11 00:09:39', 1, 'diterima'),
(26, 25, 'in', 'musang king o', 1, 12, NULL, '2023-03-10', '2023-03-11 00:10:05', 1, 'diterima'),
(27, 25, 'in', 'musang king o', 2, 33, NULL, '2023-03-10', '2023-03-11 00:18:07', 1, 'diterima'),
(28, 21, 'in', 'x', 7, 13, NULL, '2023-03-10', '2023-03-11 00:29:11', 1, 'diterima'),
(29, 21, 'in', 'x', 10, 13, NULL, '2023-03-10', '2023-03-11 00:29:35', 1, 'diterima'),
(30, 26, 'in', 'aqua', 2, 35, NULL, '2023-03-11', '2023-03-11 17:22:01', 1, 'diterima'),
(31, 28, 'in', '-', 2, 40, NULL, '2023-03-11', '2023-03-11 20:49:06', 1, 'diterima'),
(32, 28, 'in', '-', 11, 37, NULL, '2023-03-11', '2023-03-11 20:49:26', 1, 'diterima'),
(35, 13, 'in', 'Baju Batik 38', 1, 13, NULL, '2023-07-10', '2023-07-10 23:02:06', 27, 'diterima'),
(36, 16, 'in', 'Bakso ', 1, 20, NULL, '2023-07-24', '2023-07-24 13:40:36', 27, 'diterima'),
(37, 16, 'in', 'kilogram', 1, 100, NULL, '2023-07-27', '2023-07-27 11:24:23', 27, 'diterima'),
(38, 1478, 'in', '-', 1, 200, NULL, '2023-07-27', '2023-07-27 11:39:54', 27, 'diterima'),
(39, 1478, 'in', '-', 1, 300, NULL, '2023-07-27', '2023-07-27 11:49:07', 27, 'proses'),
(40, 23, 'in', 'Karton', 11, 20, NULL, '2023-08-01', '2023-08-01 19:53:40', 27, 'diterima'),
(41, 26, 'in', '-', 2, 30, NULL, '2023-08-07', '2023-08-07 10:43:46', 27, 'diterima'),
(42, 1479, 'in', '-', 1, 200, NULL, '2023-08-07', '2023-08-07 10:50:09', 27, NULL),
(43, 1480, 'in', '-', 1, 20, NULL, '2023-09-03', '2023-09-03 12:46:11', 27, NULL);

-- --------------------------------------------------------

--
-- Struktur dari tabel `user`
--

CREATE TABLE `user` (
  `user_id` int(11) NOT NULL,
  `username` varchar(40) NOT NULL,
  `password` varchar(40) NOT NULL,
  `name` varchar(100) NOT NULL,
  `address` varchar(200) DEFAULT NULL,
  `level` enum('1','2','3') NOT NULL COMMENT '1:owner\r\n2:admin\r\n3:kasir\r\n4:supplier'
) ENGINE=InnoDB DEFAULT CHARSET=utf8mb4;

--
-- Dumping data untuk tabel `user`
--

INSERT INTO `user` (`user_id`, `username`, `password`, `name`, `address`, `level`) VALUES
(1, 'admin', 'd033e22ae348aeb5660fc2140aec35850c4da997', 'Rizal Aldin', 'Depok', '1'),
(2, 'kasir1', '7b52009b64fd0a2a49e6d8a939753077792b0554', 'James', 'Solo, Jawa Tengah', '3'),
(27, 'kasir', '8691e4fc53b99da544ce86e22acba62d13352eff', 'Amal', 'Undaan', '2');

-- --------------------------------------------------------

--
-- Struktur dari tabel `user_sup`
--

CREATE TABLE `user_sup` (
  `user_id` int(11) NOT NULL,
  `username` varchar(40) NOT NULL,
  `password` varchar(40) NOT NULL,
  `name` varchar(100) NOT NULL,
  `address` varchar(200) DEFAULT NULL,
  `level` enum('4') NOT NULL COMMENT '\r\n4:supplier',
  `supplier_id` int(11) NOT NULL
) ENGINE=InnoDB DEFAULT CHARSET=utf8mb4;

--
-- Dumping data untuk tabel `user_sup`
--

INSERT INTO `user_sup` (`user_id`, `username`, `password`, `name`, `address`, `level`, `supplier_id`) VALUES
(30, 'tokoa', '3cf9e41bb1296a91b374a219ffabfbda984cd856', 'Amal', 'Undaan Kudus', '4', 1);

--
-- Indexes for dumped tables
--

--
-- Indeks untuk tabel `config`
--
ALTER TABLE `config`
  ADD PRIMARY KEY (`id`);

--
-- Indeks untuk tabel `customer`
--
ALTER TABLE `customer`
  ADD PRIMARY KEY (`customer_id`);

--
-- Indeks untuk tabel `min_o`
--
ALTER TABLE `min_o`
  ADD PRIMARY KEY (`id_mino`);

--
-- Indeks untuk tabel `p_category`
--
ALTER TABLE `p_category`
  ADD PRIMARY KEY (`category_id`);

--
-- Indeks untuk tabel `p_item`
--
ALTER TABLE `p_item`
  ADD PRIMARY KEY (`item_id`),
  ADD UNIQUE KEY `barcode` (`barcode`),
  ADD KEY `category_id` (`category_id`),
  ADD KEY `unit_id` (`unit_id`);

--
-- Indeks untuk tabel `p_unit`
--
ALTER TABLE `p_unit`
  ADD PRIMARY KEY (`unit_id`);

--
-- Indeks untuk tabel `supplier`
--
ALTER TABLE `supplier`
  ADD PRIMARY KEY (`supplier_id`);

--
-- Indeks untuk tabel `t_cart`
--
ALTER TABLE `t_cart`
  ADD PRIMARY KEY (`cart_id`),
  ADD KEY `item_id` (`item_id`),
  ADD KEY `user_id` (`user_id`);

--
-- Indeks untuk tabel `t_sale`
--
ALTER TABLE `t_sale`
  ADD PRIMARY KEY (`sale_id`);

--
-- Indeks untuk tabel `t_sale_detail`
--
ALTER TABLE `t_sale_detail`
  ADD PRIMARY KEY (`id_detail`),
  ADD KEY `sale_id` (`sale_id`);

--
-- Indeks untuk tabel `t_stock`
--
ALTER TABLE `t_stock`
  ADD PRIMARY KEY (`stock_id`),
  ADD KEY `item_id` (`item_id`),
  ADD KEY `supplier_id` (`supplier_id`),
  ADD KEY `user_id` (`user_id`);

--
-- Indeks untuk tabel `user`
--
ALTER TABLE `user`
  ADD PRIMARY KEY (`user_id`);

--
-- Indeks untuk tabel `user_sup`
--
ALTER TABLE `user_sup`
  ADD PRIMARY KEY (`user_id`),
  ADD KEY `supp` (`supplier_id`);

--
-- AUTO_INCREMENT untuk tabel yang dibuang
--

--
-- AUTO_INCREMENT untuk tabel `config`
--
ALTER TABLE `config`
  MODIFY `id` int(50) NOT NULL AUTO_INCREMENT;

--
-- AUTO_INCREMENT untuk tabel `customer`
--
ALTER TABLE `customer`
  MODIFY `customer_id` int(11) NOT NULL AUTO_INCREMENT, AUTO_INCREMENT=7;

--
-- AUTO_INCREMENT untuk tabel `min_o`
--
ALTER TABLE `min_o`
  MODIFY `id_mino` int(11) NOT NULL AUTO_INCREMENT, AUTO_INCREMENT=6;

--
-- AUTO_INCREMENT untuk tabel `p_category`
--
ALTER TABLE `p_category`
  MODIFY `category_id` int(11) NOT NULL AUTO_INCREMENT, AUTO_INCREMENT=10;

--
-- AUTO_INCREMENT untuk tabel `p_item`
--
ALTER TABLE `p_item`
  MODIFY `item_id` int(11) NOT NULL AUTO_INCREMENT, AUTO_INCREMENT=1481;

--
-- AUTO_INCREMENT untuk tabel `p_unit`
--
ALTER TABLE `p_unit`
  MODIFY `unit_id` int(11) NOT NULL AUTO_INCREMENT, AUTO_INCREMENT=11;

--
-- AUTO_INCREMENT untuk tabel `supplier`
--
ALTER TABLE `supplier`
  MODIFY `supplier_id` int(11) NOT NULL AUTO_INCREMENT, AUTO_INCREMENT=12;

--
-- AUTO_INCREMENT untuk tabel `t_sale`
--
ALTER TABLE `t_sale`
  MODIFY `sale_id` int(11) NOT NULL AUTO_INCREMENT, AUTO_INCREMENT=112;

--
-- AUTO_INCREMENT untuk tabel `t_sale_detail`
--
ALTER TABLE `t_sale_detail`
  MODIFY `id_detail` int(11) NOT NULL AUTO_INCREMENT, AUTO_INCREMENT=88;

--
-- AUTO_INCREMENT untuk tabel `t_stock`
--
ALTER TABLE `t_stock`
  MODIFY `stock_id` int(11) NOT NULL AUTO_INCREMENT, AUTO_INCREMENT=44;

--
-- AUTO_INCREMENT untuk tabel `user`
--
ALTER TABLE `user`
  MODIFY `user_id` int(11) NOT NULL AUTO_INCREMENT, AUTO_INCREMENT=28;

--
-- AUTO_INCREMENT untuk tabel `user_sup`
--
ALTER TABLE `user_sup`
  MODIFY `user_id` int(11) NOT NULL AUTO_INCREMENT, AUTO_INCREMENT=31;

--
-- Ketidakleluasaan untuk tabel pelimpahan (Dumped Tables)
--

--
-- Ketidakleluasaan untuk tabel `p_item`
--
ALTER TABLE `p_item`
  ADD CONSTRAINT `p_item_ibfk_1` FOREIGN KEY (`category_id`) REFERENCES `p_category` (`category_id`),
  ADD CONSTRAINT `p_item_ibfk_2` FOREIGN KEY (`unit_id`) REFERENCES `p_unit` (`unit_id`);

--
-- Ketidakleluasaan untuk tabel `t_cart`
--
ALTER TABLE `t_cart`
  ADD CONSTRAINT `t_cart_ibfk_1` FOREIGN KEY (`item_id`) REFERENCES `p_item` (`item_id`) ON DELETE CASCADE ON UPDATE CASCADE,
  ADD CONSTRAINT `t_cart_ibfk_2` FOREIGN KEY (`user_id`) REFERENCES `user` (`user_id`) ON DELETE CASCADE ON UPDATE CASCADE;

--
-- Ketidakleluasaan untuk tabel `t_sale_detail`
--
ALTER TABLE `t_sale_detail`
  ADD CONSTRAINT `t_sale_detail_ibfk_1` FOREIGN KEY (`sale_id`) REFERENCES `t_sale` (`sale_id`);

--
-- Ketidakleluasaan untuk tabel `t_stock`
--
ALTER TABLE `t_stock`
  ADD CONSTRAINT `t_stock_ibfk_1` FOREIGN KEY (`item_id`) REFERENCES `p_item` (`item_id`) ON DELETE CASCADE ON UPDATE CASCADE,
  ADD CONSTRAINT `t_stock_ibfk_2` FOREIGN KEY (`supplier_id`) REFERENCES `supplier` (`supplier_id`),
  ADD CONSTRAINT `t_stock_ibfk_3` FOREIGN KEY (`user_id`) REFERENCES `user` (`user_id`);

--
-- Ketidakleluasaan untuk tabel `user_sup`
--
ALTER TABLE `user_sup`
  ADD CONSTRAINT `supp` FOREIGN KEY (`supplier_id`) REFERENCES `supplier` (`supplier_id`) ON DELETE NO ACTION ON UPDATE NO ACTION;
COMMIT;

/*!40101 SET CHARACTER_SET_CLIENT=@OLD_CHARACTER_SET_CLIENT */;
/*!40101 SET CHARACTER_SET_RESULTS=@OLD_CHARACTER_SET_RESULTS */;
/*!40101 SET COLLATION_CONNECTION=@OLD_COLLATION_CONNECTION */;
